date,hour,count,weekday,month
2025-03-01,0,12622,5,2025-03
2025-03-01,1,8264,5,2025-03
2025-03-01,2,5400,5,2025-03
2025-03-01,3,3706,5,2025-03
2025-03-01,4,2066,5,2025-03
2025-03-01,5,1975,5,2025-03
2025-03-01,6,4567,5,2025-03
2025-03-01,7,9255,5,2025-03
2025-03-01,8,16187,5,2025-03
2025-03-01,9,28314,5,2025-03
2025-03-01,10,44261,5,2025-03
2025-03-01,11,52328,5,2025-03
2025-03-01,12,56287,5,2025-03
2025-03-01,13,68249,5,2025-03
2025-03-01,14,69854,5,2025-03
2025-03-01,15,74701,5,2025-03
2025-03-01,16,71304,5,2025-03
2025-03-01,17,73802,5,2025-03
2025-03-01,18,73775,5,2025-03
2025-03-01,19,67476,5,2025-03
2025-03-01,20,51157,5,2025-03
2025-03-01,21,44353,5,2025-03
2025-03-01,22,39495,5,2025-03
2025-03-01,23,49846,5,2025-03
2025-03-02,0,17541,6,2025-03
2025-03-02,1,11978,6,2025-03
2025-03-02,2,6943,6,2025-03
2025-03-02,3,5735,6,2025-03
2025-03-02,4,3399,6,2025-03
2025-03-02,5,3041,6,2025-03
2025-03-02,6,3741,6,2025-03
2025-03-02,7,7027,6,2025-03
2025-03-02,8,13967,6,2025-03
2025-03-02,9,26593,6,2025-03
2025-03-02,10,35410,6,2025-03
2025-03-02,11,41707,6,2025-03
2025-03-02,12,53331,6,2025-03
2025-03-02,13,58526,6,2025-03
2025-03-02,14,57751,6,2025-03
2025-03-02,15,55766,6,2025-03
2025-03-02,16,50887,6,2025-03
2025-03-02,17,54383,6,2025-03
2025-03-02,18,44291,6,2025-03
2025-03-02,19,37690,6,2025-03
2025-03-02,20,31700,6,2025-03
2025-03-02,21,24271,6,2025-03
2025-03-02,22,15546,6,2025-03
2025-03-02,23,9597,6,2025-03
2025-03-03,0,3846,0,2025-03
2025-03-03,1,1837,0,2025-03
2025-03-03,2,1123,0,2025-03
2025-03-03,3,914,0,2025-03
2025-03-03,4,996,0,2025-03
2025-03-03,5,2670,0,2025-03
2025-03-03,6,9055,0,2025-03
2025-03-03,7,23484,0,2025-03
2025-03-03,8,52248,0,2025-03
2025-03-03,9,48682,0,2025-03
2025-03-03,10,44035,0,2025-03
2025-03-03,11,50295,0,2025-03
2025-03-03,12,66549,0,2025-03
2025-03-03,13,67002,0,2025-03
2025-03-03,14,62669,0,2025-03
2025-03-03,15,57702,0,2025-03
2025-03-03,16,66614,0,2025-03
2025-03-03,17,73646,0,2025-03
2025-03-03,18,53414,0,2025-03
2025-03-03,19,37458,0,2025-03
2025-03-03,20,30842,0,2025-03
2025-03-03,21,22868,0,2025-03
2025-03-03,22,13463,0,2025-03
2025-03-03,23,6889,0,2025-03
2025-03-04,0,2847,1,2025-03
2025-03-04,1,1628,1,2025-03
2025-03-04,2,910,1,2025-03
2025-03-04,3,690,1,2025-03
2025-03-04,4,875,1,2025-03
2025-03-04,5,2858,1,2025-03
2025-03-04,6,10324,1,2025-03
2025-03-04,7,27795,1,2025-03
2025-03-04,8,60650,1,2025-03
2025-03-04,9,45962,1,2025-03
2025-03-04,10,45332,1,2025-03
2025-03-04,11,49738,1,2025-03
2025-03-04,12,74561,1,2025-03
2025-03-04,13,71398,1,2025-03
2025-03-04,14,55268,1,2025-03
2025-03-04,15,59043,1,2025-03
2025-03-04,16,72123,1,2025-03
2025-03-04,17,85085,1,2025-03
2025-03-04,18,64908,1,2025-03
2025-03-04,19,45687,1,2025-03
2025-03-04,20,35188,1,2025-03
2025-03-04,21,28190,1,2025-03
2025-03-04,22,21094,1,2025-03
2025-03-04,23,8829,1,2025-03
2025-03-05,0,4008,2,2025-03
2025-03-05,1,2348,2,2025-03
2025-03-05,2,1275,2,2025-03
2025-03-05,3,1016,2,2025-03
2025-03-05,4,934,2,2025-03
2025-03-05,5,2910,2,2025-03
2025-03-05,6,10975,2,2025-03
2025-03-05,7,27119,2,2025-03
2025-03-05,8,60057,2,2025-03
2025-03-05,9,42492,2,2025-03
2025-03-05,10,41525,2,2025-03
2025-03-05,11,45792,2,2025-03
2025-03-05,12,70841,2,2025-03
2025-03-05,13,61991,2,2025-03
2025-03-05,14,53950,2,2025-03
2025-03-05,15,57147,2,2025-03
2025-03-05,16,66319,2,2025-03
2025-03-05,17,84815,2,2025-03
2025-03-05,18,62914,2,2025-03
2025-03-05,19,52856,2,2025-03
2025-03-05,20,36831,2,2025-03
2025-03-05,21,30627,2,2025-03
2025-03-05,22,23991,2,2025-03
2025-03-05,23,9822,2,2025-03
2025-03-06,0,4615,3,2025-03
2025-03-06,1,2360,3,2025-03
2025-03-06,2,1216,3,2025-03
2025-03-06,3,867,3,2025-03
2025-03-06,4,987,3,2025-03
2025-03-06,5,2905,3,2025-03
2025-03-06,6,9804,3,2025-03
2025-03-06,7,28605,3,2025-03
2025-03-06,8,57648,3,2025-03
2025-03-06,9,42505,3,2025-03
2025-03-06,10,38240,3,2025-03
2025-03-06,11,47635,3,2025-03
2025-03-06,12,71639,3,2025-03
2025-03-06,13,75463,3,2025-03
2025-03-06,14,60900,3,2025-03
2025-03-06,15,57257,3,2025-03
2025-03-06,16,68248,3,2025-03
2025-03-06,17,88416,3,2025-03
2025-03-06,18,74444,3,2025-03
2025-03-06,19,58133,3,2025-03
2025-03-06,20,45434,3,2025-03
2025-03-06,21,42797,3,2025-03
2025-03-06,22,27649,3,2025-03
2025-03-06,23,12617,3,2025-03
2025-03-07,0,5640,4,2025-03
2025-03-07,1,3397,4,2025-03
2025-03-07,2,1854,4,2025-03
2025-03-07,3,1479,4,2025-03
2025-03-07,4,1444,4,2025-03
2025-03-07,5,2716,4,2025-03
2025-03-07,6,9476,4,2025-03
2025-03-07,7,20364,4,2025-03
2025-03-07,8,41936,4,2025-03
2025-03-07,9,38355,4,2025-03
2025-03-07,10,44351,4,2025-03
2025-03-07,11,45715,4,2025-03
2025-03-07,12,72630,4,2025-03
2025-03-07,13,67026,4,2025-03
2025-03-07,14,59222,4,2025-03
2025-03-07,15,60754,4,2025-03
2025-03-07,16,61464,4,2025-03
2025-03-07,17,83183,4,2025-03
2025-03-07,18,77648,4,2025-03
2025-03-07,19,69280,4,2025-03
2025-03-07,20,58683,4,2025-03
2025-03-07,21,53394,4,2025-03
2025-03-07,22,40552,4,2025-03
2025-03-07,23,23527,4,2025-03
2025-03-08,0,13057,5,2025-03
2025-03-08,1,8093,5,2025-03
2025-03-08,2,5497,5,2025-03
2025-03-08,3,3593,5,2025-03
2025-03-08,4,2063,5,2025-03
2025-03-08,5,1943,5,2025-03
2025-03-08,6,3621,5,2025-03
2025-03-08,7,7968,5,2025-03
2025-03-08,8,16304,5,2025-03
2025-03-08,9,27203,5,2025-03
2025-03-08,10,37227,5,2025-03
2025-03-08,11,50872,5,2025-03
2025-03-08,12,60478,5,2025-03
2025-03-08,13,59463,5,2025-03
2025-03-08,14,60317,5,2025-03
2025-03-08,15,57531,5,2025-03
2025-03-08,16,63960,5,2025-03
2025-03-08,17,75131,5,2025-03
2025-03-08,18,72176,5,2025-03
2025-03-08,19,81673,5,2025-03
2025-03-08,20,68103,5,2025-03
2025-03-08,21,62846,5,2025-03
2025-03-08,22,56035,5,2025-03
2025-03-08,23,38704,5,2025-03
2025-03-09,0,19612,6,2025-03
2025-03-09,1,10735,6,2025-03
2025-03-09,2,7466,6,2025-03
2025-03-09,3,5003,6,2025-03
2025-03-09,4,3188,6,2025-03
2025-03-09,5,2631,6,2025-03
2025-03-09,6,3423,6,2025-03
2025-03-09,7,7160,6,2025-03
2025-03-09,8,14430,6,2025-03
2025-03-09,9,27881,6,2025-03
2025-03-09,10,39015,6,2025-03
2025-03-09,11,56025,6,2025-03
2025-03-09,12,64846,6,2025-03
2025-03-09,13,63627,6,2025-03
2025-03-09,14,61424,6,2025-03
2025-03-09,15,62654,6,2025-03
2025-03-09,16,57035,6,2025-03
2025-03-09,17,64890,6,2025-03
2025-03-09,18,67533,6,2025-03
2025-03-09,19,68058,6,2025-03
2025-03-09,20,61773,6,2025-03
2025-03-09,21,58247,6,2025-03
2025-03-09,22,46777,6,2025-03
2025-03-09,23,25830,6,2025-03
2025-03-10,0,9025,0,2025-03
2025-03-10,1,5379,0,2025-03
2025-03-10,2,3290,0,2025-03
2025-03-10,3,2679,0,2025-03
2025-03-10,4,1867,0,2025-03
2025-03-10,5,2012,0,2025-03
2025-03-10,6,2931,0,2025-03
2025-03-10,7,5507,0,2025-03
2025-03-10,8,13128,0,2025-03
2025-03-10,9,23792,0,2025-03
2025-03-10,10,38803,0,2025-03
2025-03-10,11,46961,0,2025-03
2025-03-10,12,58507,0,2025-03
2025-03-10,13,57826,0,2025-03
2025-03-10,14,56721,0,2025-03
2025-03-10,15,54383,0,2025-03
2025-03-10,16,52954,0,2025-03
2025-03-10,17,57622,0,2025-03
2025-03-10,18,52433,0,2025-03
2025-03-10,19,58842,0,2025-03
2025-03-10,20,42957,0,2025-03
2025-03-10,21,41540,0,2025-03
2025-03-10,22,28180,0,2025-03
2025-03-10,23,10102,0,2025-03
2025-03-11,0,4355,1,2025-03
2025-03-11,1,2081,1,2025-03
2025-03-11,2,1112,1,2025-03
2025-03-11,3,1082,1,2025-03
2025-03-11,4,1034,1,2025-03
2025-03-11,5,2274,1,2025-03
2025-03-11,6,8061,1,2025-03
2025-03-11,7,26181,1,2025-03
2025-03-11,8,59660,1,2025-03
2025-03-11,9,46894,1,2025-03
2025-03-11,10,42791,1,2025-03
2025-03-11,11,44573,1,2025-03
2025-03-11,12,69486,1,2025-03
2025-03-11,13,63134,1,2025-03
2025-03-11,14,54445,1,2025-03
2025-03-11,15,55629,1,2025-03
2025-03-11,16,60992,1,2025-03
2025-03-11,17,73459,1,2025-03
2025-03-11,18,57319,1,2025-03
2025-03-11,19,47374,1,2025-03
2025-03-11,20,34182,1,2025-03
2025-03-11,21,25031,1,2025-03
2025-03-11,22,23911,1,2025-03
2025-03-11,23,8715,1,2025-03
2025-03-12,0,3832,2,2025-03
2025-03-12,1,2233,2,2025-03
2025-03-12,2,1347,2,2025-03
2025-03-12,3,1012,2,2025-03
2025-03-12,4,1065,2,2025-03
2025-03-12,5,2934,2,2025-03
2025-03-12,6,11152,2,2025-03
2025-03-12,7,28394,2,2025-03
2025-03-12,8,57616,2,2025-03
2025-03-12,9,43556,2,2025-03
2025-03-12,10,40516,2,2025-03
2025-03-12,11,47306,2,2025-03
2025-03-12,12,70219,2,2025-03
2025-03-12,13,69067,2,2025-03
2025-03-12,14,56253,2,2025-03
2025-03-12,15,58808,2,2025-03
2025-03-12,16,63101,2,2025-03
2025-03-12,17,82389,2,2025-03
2025-03-12,18,74450,2,2025-03
2025-03-12,19,37839,2,2025-03
2025-03-12,20,33950,2,2025-03
2025-03-12,21,28277,2,2025-03
2025-03-12,22,23936,2,2025-03
2025-03-12,23,10113,2,2025-03
2025-03-13,0,4629,3,2025-03
2025-03-13,1,2541,3,2025-03
2025-03-13,2,1473,3,2025-03
2025-03-13,3,1020,3,2025-03
2025-03-13,4,1100,3,2025-03
2025-03-13,5,3356,3,2025-03
2025-03-13,6,10992,3,2025-03
2025-03-13,7,25643,3,2025-03
2025-03-13,8,61681,3,2025-03
2025-03-13,9,51602,3,2025-03
2025-03-13,10,45937,3,2025-03
2025-03-13,11,52759,3,2025-03
2025-03-13,12,77201,3,2025-03
2025-03-13,13,76979,3,2025-03
2025-03-13,14,68841,3,2025-03
2025-03-13,15,59647,3,2025-03
2025-03-13,16,74932,3,2025-03
2025-03-13,17,101273,3,2025-03
2025-03-13,18,86940,3,2025-03
2025-03-13,19,63354,3,2025-03
2025-03-13,20,47848,3,2025-03
2025-03-13,21,38460,3,2025-03
2025-03-13,22,32947,3,2025-03
2025-03-13,23,18418,3,2025-03
2025-03-14,0,6139,4,2025-03
2025-03-14,1,3196,4,2025-03
2025-03-14,2,1733,4,2025-03
2025-03-14,3,1193,4,2025-03
2025-03-14,4,1310,4,2025-03
2025-03-14,5,2651,4,2025-03
2025-03-14,6,9149,4,2025-03
2025-03-14,7,20834,4,2025-03
2025-03-14,8,48112,4,2025-03
2025-03-14,9,48025,4,2025-03
2025-03-14,10,47962,4,2025-03
2025-03-14,11,47160,4,2025-03
2025-03-14,12,64979,4,2025-03
2025-03-14,13,61920,4,2025-03
2025-03-14,14,59483,4,2025-03
2025-03-14,15,61162,4,2025-03
2025-03-14,16,65903,4,2025-03
2025-03-14,17,82869,4,2025-03
2025-03-14,18,84087,4,2025-03
2025-03-14,19,74773,4,2025-03
2025-03-14,20,56526,4,2025-03
2025-03-14,21,48496,4,2025-03
2025-03-14,22,48466,4,2025-03
2025-03-14,23,34059,4,2025-03
2025-03-15,0,14365,5,2025-03
2025-03-15,1,7896,5,2025-03
2025-03-15,2,5643,5,2025-03
2025-03-15,3,3911,5,2025-03
2025-03-15,4,2476,5,2025-03
2025-03-15,5,2560,5,2025-03
2025-03-15,6,5038,5,2025-03
2025-03-15,7,11068,5,2025-03
2025-03-15,8,20980,5,2025-03
2025-03-15,9,35858,5,2025-03
2025-03-15,10,45342,5,2025-03
2025-03-15,11,56920,5,2025-03
2025-03-15,12,53982,5,2025-03
2025-03-15,13,53579,5,2025-03
2025-03-15,14,54531,5,2025-03
2025-03-15,15,55089,5,2025-03
2025-03-15,16,58483,5,2025-03
2025-03-15,17,73640,5,2025-03
2025-03-15,18,87933,5,2025-03
2025-03-15,19,77439,5,2025-03
2025-03-15,20,52340,5,2025-03
2025-03-15,21,48700,5,2025-03
2025-03-15,22,52063,5,2025-03
2025-03-15,23,35566,5,2025-03
2025-03-16,0,17492,6,2025-03
2025-03-16,1,10439,6,2025-03
2025-03-16,2,7002,6,2025-03
2025-03-16,3,5480,6,2025-03
2025-03-16,4,2738,6,2025-03
2025-03-16,5,2979,6,2025-03
2025-03-16,6,3784,6,2025-03
2025-03-16,7,6268,6,2025-03
2025-03-16,8,12994,6,2025-03
2025-03-16,9,22340,6,2025-03
2025-03-16,10,25501,6,2025-03
2025-03-16,11,29680,6,2025-03
2025-03-16,12,25668,6,2025-03
2025-03-16,13,28601,6,2025-03
2025-03-16,14,29992,6,2025-03
2025-03-16,15,33591,6,2025-03
2025-03-16,16,35820,6,2025-03
2025-03-16,17,42383,6,2025-03
2025-03-16,18,50574,6,2025-03
2025-03-16,19,42351,6,2025-03
2025-03-16,20,28613,6,2025-03
2025-03-16,21,25233,6,2025-03
2025-03-16,22,16219,6,2025-03
2025-03-16,23,7675,6,2025-03
2025-03-17,0,3864,0,2025-03
2025-03-17,1,2542,0,2025-03
2025-03-17,2,1283,0,2025-03
2025-03-17,3,1083,0,2025-03
2025-03-17,4,1029,0,2025-03
2025-03-17,5,2934,0,2025-03
2025-03-17,6,9312,0,2025-03
2025-03-17,7,21892,0,2025-03
2025-03-17,8,51065,0,2025-03
2025-03-17,9,43561,0,2025-03
2025-03-17,10,46243,0,2025-03
2025-03-17,11,51692,0,2025-03
2025-03-17,12,72972,0,2025-03
2025-03-17,13,73854,0,2025-03
2025-03-17,14,67043,0,2025-03
2025-03-17,15,62259,0,2025-03
2025-03-17,16,67539,0,2025-03
2025-03-17,17,83702,0,2025-03
2025-03-17,18,66949,0,2025-03
2025-03-17,19,44043,0,2025-03
2025-03-17,20,32856,0,2025-03
2025-03-17,21,25066,0,2025-03
2025-03-17,22,16644,0,2025-03
2025-03-17,23,9969,0,2025-03
2025-03-18,0,3888,1,2025-03
2025-03-18,1,2491,1,2025-03
2025-03-18,2,1316,1,2025-03
2025-03-18,3,930,1,2025-03
2025-03-18,4,1088,1,2025-03
2025-03-18,5,2923,1,2025-03
2025-03-18,6,10712,1,2025-03
2025-03-18,7,27755,1,2025-03
2025-03-18,8,62257,1,2025-03
2025-03-18,9,45807,1,2025-03
2025-03-18,10,44411,1,2025-03
2025-03-18,11,48663,1,2025-03
2025-03-18,12,76395,1,2025-03
2025-03-18,13,74279,1,2025-03
2025-03-18,14,58385,1,2025-03
2025-03-18,15,61233,1,2025-03
2025-03-18,16,73887,1,2025-03
2025-03-18,17,81928,1,2025-03
2025-03-18,18,64433,1,2025-03
2025-03-18,19,48327,1,2025-03
2025-03-18,20,38393,1,2025-03
2025-03-18,21,30731,1,2025-03
2025-03-18,22,17261,1,2025-03
2025-03-18,23,8324,1,2025-03
2025-03-19,0,4102,2,2025-03
2025-03-19,1,2222,2,2025-03
2025-03-19,2,1115,2,2025-03
2025-03-19,3,933,2,2025-03
2025-03-19,4,997,2,2025-03
2025-03-19,5,2899,2,2025-03
2025-03-19,6,10045,2,2025-03
2025-03-19,7,27845,2,2025-03
2025-03-19,8,61660,2,2025-03
2025-03-19,9,43962,2,2025-03
2025-03-19,10,41200,2,2025-03
2025-03-19,11,49153,2,2025-03
2025-03-19,12,74964,2,2025-03
2025-03-19,13,74522,2,2025-03
2025-03-19,14,54876,2,2025-03
2025-03-19,15,57345,2,2025-03
2025-03-19,16,67241,2,2025-03
2025-03-19,17,77734,2,2025-03
2025-03-19,18,65695,2,2025-03
2025-03-19,19,50990,2,2025-03
2025-03-19,20,42713,2,2025-03
2025-03-19,21,30074,2,2025-03
2025-03-19,22,22114,2,2025-03
2025-03-19,23,13791,2,2025-03
2025-03-20,0,4565,3,2025-03
2025-03-20,1,2389,3,2025-03
2025-03-20,2,1480,3,2025-03
2025-03-20,3,1072,3,2025-03
2025-03-20,4,1190,3,2025-03
2025-03-20,5,2812,3,2025-03
2025-03-20,6,10084,3,2025-03
2025-03-20,7,27762,3,2025-03
2025-03-20,8,64696,3,2025-03
2025-03-20,9,48383,3,2025-03
2025-03-20,10,42406,3,2025-03
2025-03-20,11,48184,3,2025-03
2025-03-20,12,73106,3,2025-03
2025-03-20,13,66423,3,2025-03
2025-03-20,14,58327,3,2025-03
2025-03-20,15,53622,3,2025-03
2025-03-20,16,58349,3,2025-03
2025-03-20,17,59885,3,2025-03
2025-03-20,18,38825,3,2025-03
2025-03-20,19,40846,3,2025-03
2025-03-20,20,27726,3,2025-03
2025-03-20,21,25312,3,2025-03
2025-03-20,22,26992,3,2025-03
2025-03-20,23,16314,3,2025-03
2025-03-21,0,5193,4,2025-03
2025-03-21,1,3071,4,2025-03
2025-03-21,2,1437,4,2025-03
2025-03-21,3,1022,4,2025-03
2025-03-21,4,1157,4,2025-03
2025-03-21,5,2643,4,2025-03
2025-03-21,6,9039,4,2025-03
2025-03-21,7,19278,4,2025-03
2025-03-21,8,41438,4,2025-03
2025-03-21,9,33957,4,2025-03
2025-03-21,10,32145,4,2025-03
2025-03-21,11,38222,4,2025-03
2025-03-21,12,62003,4,2025-03
2025-03-21,13,62866,4,2025-03
2025-03-21,14,64052,4,2025-03
2025-03-21,15,64969,4,2025-03
2025-03-21,16,66699,4,2025-03
2025-03-21,17,80489,4,2025-03
2025-03-21,18,80205,4,2025-03
2025-03-21,19,61904,4,2025-03
2025-03-21,20,43929,4,2025-03
2025-03-21,21,43026,4,2025-03
2025-03-21,22,38763,4,2025-03
2025-03-21,23,26584,4,2025-03
2025-03-22,0,13982,5,2025-03
2025-03-22,1,7394,5,2025-03
2025-03-22,2,5120,5,2025-03
2025-03-22,3,3502,5,2025-03
2025-03-22,4,2061,5,2025-03
2025-03-22,5,2421,5,2025-03
2025-03-22,6,4398,5,2025-03
2025-03-22,7,9201,5,2025-03
2025-03-22,8,18017,5,2025-03
2025-03-22,9,29281,5,2025-03
2025-03-22,10,41436,5,2025-03
2025-03-22,11,57781,5,2025-03
2025-03-22,12,65613,5,2025-03
2025-03-22,13,69435,5,2025-03
2025-03-22,14,67037,5,2025-03
2025-03-22,15,71638,5,2025-03
2025-03-22,16,82666,5,2025-03
2025-03-22,17,74108,5,2025-03
2025-03-22,18,72684,5,2025-03
2025-03-22,19,65888,5,2025-03
2025-03-22,20,48624,5,2025-03
2025-03-22,21,44496,5,2025-03
2025-03-22,22,45541,5,2025-03
2025-03-22,23,27602,5,2025-03
2025-03-23,0,13998,6,2025-03
2025-03-23,1,9638,6,2025-03
2025-03-23,2,5818,6,2025-03
2025-03-23,3,5007,6,2025-03
2025-03-23,4,3016,6,2025-03
2025-03-23,5,2690,6,2025-03
2025-03-23,6,3143,6,2025-03
2025-03-23,7,6831,6,2025-03
2025-03-23,8,14412,6,2025-03
2025-03-23,9,25949,6,2025-03
2025-03-23,10,39726,6,2025-03
2025-03-23,11,52158,6,2025-03
2025-03-23,12,63198,6,2025-03
2025-03-23,13,76747,6,2025-03
2025-03-23,14,80027,6,2025-03
2025-03-23,15,64862,6,2025-03
2025-03-23,16,64915,6,2025-03
2025-03-23,17,55067,6,2025-03
2025-03-23,18,52865,6,2025-03
2025-03-23,19,40524,6,2025-03
2025-03-23,20,32925,6,2025-03
2025-03-23,21,24979,6,2025-03
2025-03-23,22,15765,6,2025-03
2025-03-23,23,9287,6,2025-03
2025-03-24,0,4063,0,2025-03
2025-03-24,1,2130,0,2025-03
2025-03-24,2,1361,0,2025-03
2025-03-24,3,951,0,2025-03
2025-03-24,4,1068,0,2025-03
2025-03-24,5,2923,0,2025-03
2025-03-24,6,9322,0,2025-03
2025-03-24,7,21900,0,2025-03
2025-03-24,8,52643,0,2025-03
2025-03-24,9,39440,0,2025-03
2025-03-24,10,37153,0,2025-03
2025-03-24,11,47580,0,2025-03
2025-03-24,12,63901,0,2025-03
2025-03-24,13,67002,0,2025-03
2025-03-24,14,53461,0,2025-03
2025-03-24,15,52448,0,2025-03
2025-03-24,16,64879,0,2025-03
2025-03-24,17,75537,0,2025-03
2025-03-24,18,57196,0,2025-03
2025-03-24,19,38146,0,2025-03
2025-03-24,20,30510,0,2025-03
2025-03-24,21,23191,0,2025-03
2025-03-24,22,14925,0,2025-03
2025-03-24,23,7835,0,2025-03
2025-03-25,0,3320,1,2025-03
2025-03-25,1,2085,1,2025-03
2025-03-25,2,1104,1,2025-03
2025-03-25,3,939,1,2025-03
2025-03-25,4,1214,1,2025-03
2025-03-25,5,3238,1,2025-03
2025-03-25,6,10297,1,2025-03
2025-03-25,7,28138,1,2025-03
2025-03-25,8,63012,1,2025-03
2025-03-25,9,45379,1,2025-03
2025-03-25,10,41958,1,2025-03
2025-03-25,11,47568,1,2025-03
2025-03-25,12,73403,1,2025-03
2025-03-25,13,72899,1,2025-03
2025-03-25,14,51357,1,2025-03
2025-03-25,15,58805,1,2025-03
2025-03-25,16,70719,1,2025-03
2025-03-25,17,82598,1,2025-03
2025-03-25,18,60527,1,2025-03
2025-03-25,19,43913,1,2025-03
2025-03-25,20,33972,1,2025-03
2025-03-25,21,25826,1,2025-03
2025-03-25,22,16812,1,2025-03
2025-03-25,23,8519,1,2025-03
2025-03-26,0,3925,2,2025-03
2025-03-26,1,2154,2,2025-03
2025-03-26,2,1203,2,2025-03
2025-03-26,3,1039,2,2025-03
2025-03-26,4,269,2,2025-03
2025-03-26,5,110,2,2025-03
2025-03-26,6,7294,2,2025-03
2025-03-26,7,24292,2,2025-03
2025-03-26,8,55984,2,2025-03
2025-03-26,9,43198,2,2025-03
2025-03-26,10,41390,2,2025-03
2025-03-26,11,51493,2,2025-03
2025-03-26,12,73198,2,2025-03
2025-03-26,13,65815,2,2025-03
2025-03-26,14,61817,2,2025-03
2025-03-26,15,66861,2,2025-03
2025-03-26,16,70815,2,2025-03
2025-03-26,17,93537,2,2025-03
2025-03-26,18,71178,2,2025-03
2025-03-26,19,50498,2,2025-03
2025-03-26,20,38047,2,2025-03
2025-03-26,21,29454,2,2025-03
2025-03-26,22,17279,2,2025-03
2025-03-26,23,8948,2,2025-03
2025-03-27,0,4076,3,2025-03
2025-03-27,1,2149,3,2025-03
2025-03-27,2,1341,3,2025-03
2025-03-27,3,1223,3,2025-03
2025-03-27,4,1233,3,2025-03
2025-03-27,5,2882,3,2025-03
2025-03-27,6,9821,3,2025-03
2025-03-27,7,25805,3,2025-03
2025-03-27,8,60509,3,2025-03
2025-03-27,9,47163,3,2025-03
2025-03-27,10,44246,3,2025-03
2025-03-27,11,51882,3,2025-03
2025-03-27,12,72262,3,2025-03
2025-03-27,13,74124,3,2025-03
2025-03-27,14,60910,3,2025-03
2025-03-27,15,63368,3,2025-03
2025-03-27,16,77729,3,2025-03
2025-03-27,17,96421,3,2025-03
2025-03-27,18,80361,3,2025-03
2025-03-27,19,56777,3,2025-03
2025-03-27,20,44659,3,2025-03
2025-03-27,21,34072,3,2025-03
2025-03-27,22,28403,3,2025-03
2025-03-27,23,16195,3,2025-03
2025-03-28,0,6621,4,2025-03
2025-03-28,1,3566,4,2025-03
2025-03-28,2,2121,4,2025-03
2025-03-28,3,1678,4,2025-03
2025-03-28,4,1512,4,2025-03
2025-03-28,5,2732,4,2025-03
2025-03-28,6,9267,4,2025-03
2025-03-28,7,20825,4,2025-03
2025-03-28,8,46212,4,2025-03
2025-03-28,9,43787,4,2025-03
2025-03-28,10,45713,4,2025-03
2025-03-28,11,51406,4,2025-03
2025-03-28,12,71650,4,2025-03
2025-03-28,13,66893,4,2025-03
2025-03-28,14,61715,4,2025-03
2025-03-28,15,62718,4,2025-03
2025-03-28,16,67302,4,2025-03
2025-03-28,17,86044,4,2025-03
2025-03-28,18,83457,4,2025-03
2025-03-28,19,68276,4,2025-03
2025-03-28,20,54236,4,2025-03
2025-03-28,21,50168,4,2025-03
2025-03-28,22,47737,4,2025-03
2025-03-28,23,26762,4,2025-03
2025-03-29,0,14550,5,2025-03
2025-03-29,1,8775,5,2025-03
2025-03-29,2,5483,5,2025-03
2025-03-29,3,3446,5,2025-03
2025-03-29,4,2092,5,2025-03
2025-03-29,5,2195,5,2025-03
2025-03-29,6,4235,5,2025-03
2025-03-29,7,8152,5,2025-03
2025-03-29,8,18582,5,2025-03
2025-03-29,9,30838,5,2025-03
2025-03-29,10,42455,5,2025-03
2025-03-29,11,59959,5,2025-03
2025-03-29,12,68737,5,2025-03
2025-03-29,13,72589,5,2025-03
2025-03-29,14,71716,5,2025-03
2025-03-29,15,68580,5,2025-03
2025-03-29,16,76466,5,2025-03
2025-03-29,17,74548,5,2025-03
2025-03-29,18,66403,5,2025-03
2025-03-29,19,73618,5,2025-03
2025-03-29,20,52354,5,2025-03
2025-03-29,21,47261,5,2025-03
2025-03-29,22,41006,5,2025-03
2025-03-29,23,27857,5,2025-03
2025-03-30,0,17970,6,2025-03
2025-03-30,1,10482,6,2025-03
2025-03-30,2,7032,6,2025-03
2025-03-30,3,4833,6,2025-03
2025-03-30,4,3144,6,2025-03
2025-03-30,5,2717,6,2025-03
2025-03-30,6,3732,6,2025-03
2025-03-30,7,6739,6,2025-03
2025-03-30,8,14875,6,2025-03
2025-03-30,9,26899,6,2025-03
2025-03-30,10,40960,6,2025-03
2025-03-30,11,54426,6,2025-03
2025-03-30,12,56007,6,2025-03
2025-03-30,13,70731,6,2025-03
2025-03-30,14,58609,6,2025-03
2025-03-30,15,60678,6,2025-03
2025-03-30,16,57848,6,2025-03
2025-03-30,17,54206,6,2025-03
2025-03-30,18,49540,6,2025-03
2025-03-30,19,41579,6,2025-03
2025-03-30,20,35267,6,2025-03
2025-03-30,21,25902,6,2025-03
2025-03-30,22,16583,6,2025-03
2025-03-30,23,8751,6,2025-03
2025-03-31,0,3932,0,2025-03
2025-03-31,1,2213,0,2025-03
2025-03-31,2,1737,0,2025-03
2025-03-31,3,1081,0,2025-03
2025-03-31,4,1020,0,2025-03
2025-03-31,5,2778,0,2025-03
2025-03-31,6,7723,0,2025-03
2025-03-31,7,21880,0,2025-03
2025-03-31,8,51841,0,2025-03
2025-03-31,9,37445,0,2025-03
2025-03-31,10,40922,0,2025-03
2025-03-31,11,46765,0,2025-03
2025-03-31,12,66345,0,2025-03
2025-03-31,13,66366,0,2025-03
2025-03-31,14,56451,0,2025-03
2025-03-31,15,54841,0,2025-03
2025-03-31,16,61955,0,2025-03
2025-03-31,17,72922,0,2025-03
2025-03-31,18,49977,0,2025-03
2025-03-31,19,44949,0,2025-03
2025-03-31,20,34546,0,2025-03
2025-03-31,21,21689,0,2025-03
2025-03-31,22,13309,0,2025-03
2025-03-31,23,7769,0,2025-03
2025-04-01,0,3199,1,2025-04
2025-04-01,1,1748,1,2025-04
2025-04-01,2,917,1,2025-04
2025-04-01,3,769,1,2025-04
2025-04-01,4,962,1,2025-04
2025-04-01,5,2524,1,2025-04
2025-04-01,6,9859,1,2025-04
2025-04-01,7,26293,1,2025-04
2025-04-01,8,59479,1,2025-04
2025-04-01,9,44141,1,2025-04
2025-04-01,10,39819,1,2025-04
2025-04-01,11,44644,1,2025-04
2025-04-01,12,74487,1,2025-04
2025-04-01,13,74751,1,2025-04
2025-04-01,14,58636,1,2025-04
2025-04-01,15,59152,1,2025-04
2025-04-01,16,69359,1,2025-04
2025-04-01,17,84703,1,2025-04
2025-04-01,18,66905,1,2025-04
2025-04-01,19,50996,1,2025-04
2025-04-01,20,38862,1,2025-04
2025-04-01,21,29645,1,2025-04
2025-04-01,22,18806,1,2025-04
2025-04-01,23,8688,1,2025-04
2025-04-02,0,3781,2,2025-04
2025-04-02,1,2169,2,2025-04
2025-04-02,2,1314,2,2025-04
2025-04-02,3,1161,2,2025-04
2025-04-02,4,1076,2,2025-04
2025-04-02,5,2913,2,2025-04
2025-04-02,6,10544,2,2025-04
2025-04-02,7,24727,2,2025-04
2025-04-02,8,59457,2,2025-04
2025-04-02,9,42872,2,2025-04
2025-04-02,10,39564,2,2025-04
2025-04-02,11,45545,2,2025-04
2025-04-02,12,79733,2,2025-04
2025-04-02,13,74743,2,2025-04
2025-04-02,14,56411,2,2025-04
2025-04-02,15,57745,2,2025-04
2025-04-02,16,66994,2,2025-04
2025-04-02,17,92095,2,2025-04
2025-04-02,18,70085,2,2025-04
2025-04-02,19,49639,2,2025-04
2025-04-02,20,37551,2,2025-04
2025-04-02,21,31537,2,2025-04
2025-04-02,22,19916,2,2025-04
2025-04-02,23,12456,2,2025-04
2025-04-03,0,4882,3,2025-04
2025-04-03,1,2640,3,2025-04
2025-04-03,2,1455,3,2025-04
2025-04-03,3,905,3,2025-04
2025-04-03,4,1110,3,2025-04
2025-04-03,5,2893,3,2025-04
2025-04-03,6,9659,3,2025-04
2025-04-03,7,23279,3,2025-04
2025-04-03,8,56291,3,2025-04
2025-04-03,9,43351,3,2025-04
2025-04-03,10,37229,3,2025-04
2025-04-03,11,45380,3,2025-04
2025-04-03,12,71926,3,2025-04
2025-04-03,13,72229,3,2025-04
2025-04-03,14,54638,3,2025-04
2025-04-03,15,54275,3,2025-04
2025-04-03,16,70384,3,2025-04
2025-04-03,17,98012,3,2025-04
2025-04-03,18,82207,3,2025-04
2025-04-03,19,52236,3,2025-04
2025-04-03,20,33188,3,2025-04
2025-04-03,21,24315,3,2025-04
2025-04-03,22,25628,3,2025-04
2025-04-03,23,13409,3,2025-04
2025-04-04,0,5535,4,2025-04
2025-04-04,1,3136,4,2025-04
2025-04-04,2,1872,4,2025-04
2025-04-04,3,1572,4,2025-04
2025-04-04,4,1259,4,2025-04
2025-04-04,5,2854,4,2025-04
2025-04-04,6,8620,4,2025-04
2025-04-04,7,17484,4,2025-04
2025-04-04,8,41623,4,2025-04
2025-04-04,9,38881,4,2025-04
2025-04-04,10,39990,4,2025-04
2025-04-04,11,49722,4,2025-04
2025-04-04,12,61822,4,2025-04
2025-04-04,13,65026,4,2025-04
2025-04-04,14,59748,4,2025-04
2025-04-04,15,60167,4,2025-04
2025-04-04,16,69729,4,2025-04
2025-04-04,17,79137,4,2025-04
2025-04-04,18,68216,4,2025-04
2025-04-04,19,52871,4,2025-04
2025-04-04,20,50356,4,2025-04
2025-04-04,21,45963,4,2025-04
2025-04-04,22,39487,4,2025-04
2025-04-04,23,26021,4,2025-04
2025-04-05,0,13714,5,2025-04
2025-04-05,1,8310,5,2025-04
2025-04-05,2,5107,5,2025-04
2025-04-05,3,3667,5,2025-04
2025-04-05,4,2243,5,2025-04
2025-04-05,5,1886,5,2025-04
2025-04-05,6,3265,5,2025-04
2025-04-05,7,6940,5,2025-04
2025-04-05,8,16036,5,2025-04
2025-04-05,9,28299,5,2025-04
2025-04-05,10,40278,5,2025-04
2025-04-05,11,54243,5,2025-04
2025-04-05,12,61690,5,2025-04
2025-04-05,13,65114,5,2025-04
2025-04-05,14,72076,5,2025-04
2025-04-05,15,81125,5,2025-04
2025-04-05,16,77693,5,2025-04
2025-04-05,17,70301,5,2025-04
2025-04-05,18,71278,5,2025-04
2025-04-05,19,69924,5,2025-04
2025-04-05,20,56391,5,2025-04
2025-04-05,21,49784,5,2025-04
2025-04-05,22,46260,5,2025-04
2025-04-05,23,28193,5,2025-04
2025-04-06,0,15798,6,2025-04
2025-04-06,1,9737,6,2025-04
2025-04-06,2,6189,6,2025-04
2025-04-06,3,2979,6,2025-04
2025-04-06,4,2534,6,2025-04
2025-04-06,5,2221,6,2025-04
2025-04-06,6,5779,6,2025-04
2025-04-06,7,19247,6,2025-04
2025-04-06,8,27359,6,2025-04
2025-04-06,9,59901,6,2025-04
2025-04-06,10,62244,6,2025-04
2025-04-06,11,73269,6,2025-04
2025-04-06,12,73409,6,2025-04
2025-04-06,13,82679,6,2025-04
2025-04-06,14,69134,6,2025-04
2025-04-06,15,63594,6,2025-04
2025-04-06,16,57527,6,2025-04
2025-04-06,17,46354,6,2025-04
2025-04-06,18,42267,6,2025-04
2025-04-06,19,30892,6,2025-04
2025-04-06,20,26753,6,2025-04
2025-04-06,21,18991,6,2025-04
2025-04-06,22,11899,6,2025-04
2025-04-06,23,6186,6,2025-04
2025-04-07,0,3045,0,2025-04
2025-04-07,1,1773,0,2025-04
2025-04-07,2,1059,0,2025-04
2025-04-07,3,1079,0,2025-04
2025-04-07,4,990,0,2025-04
2025-04-07,5,2827,0,2025-04
2025-04-07,6,10164,0,2025-04
2025-04-07,7,24537,0,2025-04
2025-04-07,8,51627,0,2025-04
2025-04-07,9,38206,0,2025-04
2025-04-07,10,43178,0,2025-04
2025-04-07,11,50829,0,2025-04
2025-04-07,12,74070,0,2025-04
2025-04-07,13,68096,0,2025-04
2025-04-07,14,66039,0,2025-04
2025-04-07,15,60278,0,2025-04
2025-04-07,16,65782,0,2025-04
2025-04-07,17,73357,0,2025-04
2025-04-07,18,51581,0,2025-04
2025-04-07,19,35705,0,2025-04
2025-04-07,20,28835,0,2025-04
2025-04-07,21,22756,0,2025-04
2025-04-07,22,13194,0,2025-04
2025-04-07,23,6005,0,2025-04
2025-04-08,0,2924,1,2025-04
2025-04-08,1,1680,1,2025-04
2025-04-08,2,993,1,2025-04
2025-04-08,3,736,1,2025-04
2025-04-08,4,907,1,2025-04
2025-04-08,5,2785,1,2025-04
2025-04-08,6,11548,1,2025-04
2025-04-08,7,28653,1,2025-04
2025-04-08,8,61702,1,2025-04
2025-04-08,9,44470,1,2025-04
2025-04-08,10,43503,1,2025-04
2025-04-08,11,50320,1,2025-04
2025-04-08,12,77631,1,2025-04
2025-04-08,13,79210,1,2025-04
2025-04-08,14,60415,1,2025-04
2025-04-08,15,63812,1,2025-04
2025-04-08,16,69232,1,2025-04
2025-04-08,17,88743,1,2025-04
2025-04-08,18,57741,1,2025-04
2025-04-08,19,46363,1,2025-04
2025-04-08,20,38650,1,2025-04
2025-04-08,21,27722,1,2025-04
2025-04-08,22,17371,1,2025-04
2025-04-08,23,7744,1,2025-04
2025-04-09,0,3662,2,2025-04
2025-04-09,1,2303,2,2025-04
2025-04-09,2,1340,2,2025-04
2025-04-09,3,989,2,2025-04
2025-04-09,4,1029,2,2025-04
2025-04-09,5,2944,2,2025-04
2025-04-09,6,11700,2,2025-04
2025-04-09,7,26943,2,2025-04
2025-04-09,8,56743,2,2025-04
2025-04-09,9,41106,2,2025-04
2025-04-09,10,41258,2,2025-04
2025-04-09,11,48829,2,2025-04
2025-04-09,12,78184,2,2025-04
2025-04-09,13,73045,2,2025-04
2025-04-09,14,66607,2,2025-04
2025-04-09,15,65455,2,2025-04
2025-04-09,16,71444,2,2025-04
2025-04-09,17,87196,2,2025-04
2025-04-09,18,65001,2,2025-04
2025-04-09,19,46377,2,2025-04
2025-04-09,20,37852,2,2025-04
2025-04-09,21,29505,2,2025-04
2025-04-09,22,18795,2,2025-04
2025-04-09,23,10953,2,2025-04
2025-04-10,0,3934,3,2025-04
2025-04-10,1,2112,3,2025-04
2025-04-10,2,1257,3,2025-04
2025-04-10,3,912,3,2025-04
2025-04-10,4,864,3,2025-04
2025-04-10,5,2932,3,2025-04
2025-04-10,6,10776,3,2025-04
2025-04-10,7,26476,3,2025-04
2025-04-10,8,58333,3,2025-04
2025-04-10,9,40326,3,2025-04
2025-04-10,10,43225,3,2025-04
2025-04-10,11,54714,3,2025-04
2025-04-10,12,81592,3,2025-04
2025-04-10,13,78255,3,2025-04
2025-04-10,14,67778,3,2025-04
2025-04-10,15,61042,3,2025-04
2025-04-10,16,73780,3,2025-04
2025-04-10,17,96112,3,2025-04
2025-04-10,18,65605,3,2025-04
2025-04-10,19,53353,3,2025-04
2025-04-10,20,43175,3,2025-04
2025-04-10,21,32358,3,2025-04
2025-04-10,22,22919,3,2025-04
2025-04-10,23,11120,3,2025-04
2025-04-11,0,5619,4,2025-04
2025-04-11,1,2944,4,2025-04
2025-04-11,2,2001,4,2025-04
2025-04-11,3,1376,4,2025-04
2025-04-11,4,1349,4,2025-04
2025-04-11,5,2687,4,2025-04
2025-04-11,6,10075,4,2025-04
2025-04-11,7,19815,4,2025-04
2025-04-11,8,42217,4,2025-04
2025-04-11,9,41884,4,2025-04
2025-04-11,10,44628,4,2025-04
2025-04-11,11,54292,4,2025-04
2025-04-11,12,73725,4,2025-04
2025-04-11,13,78136,4,2025-04
2025-04-11,14,68692,4,2025-04
2025-04-11,15,67382,4,2025-04
2025-04-11,16,71181,4,2025-04
2025-04-11,17,91065,4,2025-04
2025-04-11,18,72096,4,2025-04
2025-04-11,19,57523,4,2025-04
2025-04-11,20,51344,4,2025-04
2025-04-11,21,48465,4,2025-04
2025-04-11,22,38073,4,2025-04
2025-04-11,23,27187,4,2025-04
2025-04-12,0,14057,5,2025-04
2025-04-12,1,8389,5,2025-04
2025-04-12,2,5085,5,2025-04
2025-04-12,3,3865,5,2025-04
2025-04-12,4,2132,5,2025-04
2025-04-12,5,2334,5,2025-04
2025-04-12,6,4885,5,2025-04
2025-04-12,7,9602,5,2025-04
2025-04-12,8,17869,5,2025-04
2025-04-12,9,33643,5,2025-04
2025-04-12,10,44284,5,2025-04
2025-04-12,11,57132,5,2025-04
2025-04-12,12,59099,5,2025-04
2025-04-12,13,66053,5,2025-04
2025-04-12,14,71340,5,2025-04
2025-04-12,15,62661,5,2025-04
2025-04-12,16,64469,5,2025-04
2025-04-12,17,76496,5,2025-04
2025-04-12,18,67088,5,2025-04
2025-04-12,19,58005,5,2025-04
2025-04-12,20,55986,5,2025-04
2025-04-12,21,46430,5,2025-04
2025-04-12,22,45086,5,2025-04
2025-04-12,23,30840,5,2025-04
2025-04-13,0,17275,6,2025-04
2025-04-13,1,11480,6,2025-04
2025-04-13,2,7535,6,2025-04
2025-04-13,3,5030,6,2025-04
2025-04-13,4,3588,6,2025-04
2025-04-13,5,2968,6,2025-04
2025-04-13,6,4023,6,2025-04
2025-04-13,7,8283,6,2025-04
2025-04-13,8,15861,6,2025-04
2025-04-13,9,28354,6,2025-04
2025-04-13,10,42495,6,2025-04
2025-04-13,11,49554,6,2025-04
2025-04-13,12,62143,6,2025-04
2025-04-13,13,75711,6,2025-04
2025-04-13,14,69564,6,2025-04
2025-04-13,15,61712,6,2025-04
2025-04-13,16,68347,6,2025-04
2025-04-13,17,55370,6,2025-04
2025-04-13,18,55080,6,2025-04
2025-04-13,19,45353,6,2025-04
2025-04-13,20,38774,6,2025-04
2025-04-13,21,30456,6,2025-04
2025-04-13,22,17396,6,2025-04
2025-04-13,23,9262,6,2025-04
2025-04-14,0,4567,0,2025-04
2025-04-14,1,2555,0,2025-04
2025-04-14,2,1742,0,2025-04
2025-04-14,3,1310,0,2025-04
2025-04-14,4,1491,0,2025-04
2025-04-14,5,2738,0,2025-04
2025-04-14,6,9605,0,2025-04
2025-04-14,7,22113,0,2025-04
2025-04-14,8,49625,0,2025-04
2025-04-14,9,40737,0,2025-04
2025-04-14,10,41240,0,2025-04
2025-04-14,11,51266,0,2025-04
2025-04-14,12,69361,0,2025-04
2025-04-14,13,77296,0,2025-04
2025-04-14,14,60188,0,2025-04
2025-04-14,15,62181,0,2025-04
2025-04-14,16,67401,0,2025-04
2025-04-14,17,80101,0,2025-04
2025-04-14,18,54127,0,2025-04
2025-04-14,19,38145,0,2025-04
2025-04-14,20,32333,0,2025-04
2025-04-14,21,23286,0,2025-04
2025-04-14,22,14006,0,2025-04
2025-04-14,23,7562,0,2025-04
2025-04-15,0,3590,1,2025-04
2025-04-15,1,2210,1,2025-04
2025-04-15,2,1251,1,2025-04
2025-04-15,3,943,1,2025-04
2025-04-15,4,1028,1,2025-04
2025-04-15,5,2772,1,2025-04
2025-04-15,6,10799,1,2025-04
2025-04-15,7,27404,1,2025-04
2025-04-15,8,60288,1,2025-04
2025-04-15,9,45450,1,2025-04
2025-04-15,10,47010,1,2025-04
2025-04-15,11,52970,1,2025-04
2025-04-15,12,80318,1,2025-04
2025-04-15,13,80966,1,2025-04
2025-04-15,14,62538,1,2025-04
2025-04-15,15,64697,1,2025-04
2025-04-15,16,71430,1,2025-04
2025-04-15,17,88274,1,2025-04
2025-04-15,18,65663,1,2025-04
2025-04-15,19,48548,1,2025-04
2025-04-15,20,40752,1,2025-04
2025-04-15,21,31552,1,2025-04
2025-04-15,22,21984,1,2025-04
2025-04-15,23,10444,1,2025-04
2025-04-16,0,4531,2,2025-04
2025-04-16,1,2161,2,2025-04
2025-04-16,2,1285,2,2025-04
2025-04-16,3,1054,2,2025-04
2025-04-16,4,1166,2,2025-04
2025-04-16,5,2903,2,2025-04
2025-04-16,6,11069,2,2025-04
2025-04-16,7,26316,2,2025-04
2025-04-16,8,55884,2,2025-04
2025-04-16,9,42358,2,2025-04
2025-04-16,10,45200,2,2025-04
2025-04-16,11,58830,2,2025-04
2025-04-16,12,80883,2,2025-04
2025-04-16,13,73783,2,2025-04
2025-04-16,14,70120,2,2025-04
2025-04-16,15,65925,2,2025-04
2025-04-16,16,73877,2,2025-04
2025-04-16,17,90703,2,2025-04
2025-04-16,18,71434,2,2025-04
2025-04-16,19,57277,2,2025-04
2025-04-16,20,42747,2,2025-04
2025-04-16,21,35276,2,2025-04
2025-04-16,22,24723,2,2025-04
2025-04-16,23,13228,2,2025-04
2025-04-17,0,5056,3,2025-04
2025-04-17,1,2773,3,2025-04
2025-04-17,2,1726,3,2025-04
2025-04-17,3,1264,3,2025-04
2025-04-17,4,1460,3,2025-04
2025-04-17,5,2956,3,2025-04
2025-04-17,6,9801,3,2025-04
2025-04-17,7,22304,3,2025-04
2025-04-17,8,47610,3,2025-04
2025-04-17,9,42454,3,2025-04
2025-04-17,10,48741,3,2025-04
2025-04-17,11,53693,3,2025-04
2025-04-17,12,68172,3,2025-04
2025-04-17,13,77328,3,2025-04
2025-04-17,14,64747,3,2025-04
2025-04-17,15,68277,3,2025-04
2025-04-17,16,74969,3,2025-04
2025-04-17,17,93286,3,2025-04
2025-04-17,18,72812,3,2025-04
2025-04-17,19,61424,3,2025-04
2025-04-17,20,56619,3,2025-04
2025-04-17,21,48104,3,2025-04
2025-04-17,22,36035,3,2025-04
2025-04-17,23,21914,3,2025-04
2025-04-18,0,11621,4,2025-04
2025-04-18,1,7524,4,2025-04
2025-04-18,2,4401,4,2025-04
2025-04-18,3,3773,4,2025-04
2025-04-18,4,2089,4,2025-04
2025-04-18,5,1915,4,2025-04
2025-04-18,6,3870,4,2025-04
2025-04-18,7,8290,4,2025-04
2025-04-18,8,15117,4,2025-04
2025-04-18,9,25264,4,2025-04
2025-04-18,10,35605,4,2025-04
2025-04-18,11,44180,4,2025-04
2025-04-18,12,57142,4,2025-04
2025-04-18,13,56718,4,2025-04
2025-04-18,14,65923,4,2025-04
2025-04-18,15,59724,4,2025-04
2025-04-18,16,56145,4,2025-04
2025-04-18,17,58464,4,2025-04
2025-04-18,18,63238,4,2025-04
2025-04-18,19,53879,4,2025-04
2025-04-18,20,52700,4,2025-04
2025-04-18,21,40822,4,2025-04
2025-04-18,22,33458,4,2025-04
2025-04-18,23,18511,4,2025-04
2025-04-19,0,10937,5,2025-04
2025-04-19,1,6471,5,2025-04
2025-04-19,2,4614,5,2025-04
2025-04-19,3,3004,5,2025-04
2025-04-19,4,2521,5,2025-04
2025-04-19,5,1965,5,2025-04
2025-04-19,6,3905,5,2025-04
2025-04-19,7,9048,5,2025-04
2025-04-19,8,17277,5,2025-04
2025-04-19,9,33124,5,2025-04
2025-04-19,10,46792,5,2025-04
2025-04-19,11,61023,5,2025-04
2025-04-19,12,69704,5,2025-04
2025-04-19,13,76739,5,2025-04
2025-04-19,14,65283,5,2025-04
2025-04-19,15,72820,5,2025-04
2025-04-19,16,77143,5,2025-04
2025-04-19,17,72061,5,2025-04
2025-04-19,18,68242,5,2025-04
2025-04-19,19,61226,5,2025-04
2025-04-19,20,53713,5,2025-04
2025-04-19,21,43831,5,2025-04
2025-04-19,22,38843,5,2025-04
2025-04-19,23,21926,5,2025-04
2025-04-20,0,13101,6,2025-04
2025-04-20,1,8609,6,2025-04
2025-04-20,2,6209,6,2025-04
2025-04-20,3,3809,6,2025-04
2025-04-20,4,3081,6,2025-04
2025-04-20,5,2512,6,2025-04
2025-04-20,6,4165,6,2025-04
2025-04-20,7,8108,6,2025-04
2025-04-20,8,14066,6,2025-04
2025-04-20,9,23638,6,2025-04
2025-04-20,10,36356,6,2025-04
2025-04-20,11,46003,6,2025-04
2025-04-20,12,53404,6,2025-04
2025-04-20,13,62123,6,2025-04
2025-04-20,14,59371,6,2025-04
2025-04-20,15,68076,6,2025-04
2025-04-20,16,62902,6,2025-04
2025-04-20,17,62388,6,2025-04
2025-04-20,18,59973,6,2025-04
2025-04-20,19,54333,6,2025-04
2025-04-20,20,45833,6,2025-04
2025-04-20,21,36083,6,2025-04
2025-04-20,22,32262,6,2025-04
2025-04-20,23,14644,6,2025-04
2025-04-21,0,7638,0,2025-04
2025-04-21,1,4295,0,2025-04
2025-04-21,2,2946,0,2025-04
2025-04-21,3,2453,0,2025-04
2025-04-21,4,2057,0,2025-04
2025-04-21,5,2098,0,2025-04
2025-04-21,6,3845,0,2025-04
2025-04-21,7,7513,0,2025-04
2025-04-21,8,13885,0,2025-04
2025-04-21,9,25001,0,2025-04
2025-04-21,10,40998,0,2025-04
2025-04-21,11,50766,0,2025-04
2025-04-21,12,59698,0,2025-04
2025-04-21,13,69208,0,2025-04
2025-04-21,14,74325,0,2025-04
2025-04-21,15,55311,0,2025-04
2025-04-21,16,49801,0,2025-04
2025-04-21,17,50440,0,2025-04
2025-04-21,18,53750,0,2025-04
2025-04-21,19,34310,0,2025-04
2025-04-21,20,19995,0,2025-04
2025-04-21,21,17346,0,2025-04
2025-04-21,22,11350,0,2025-04
2025-04-21,23,6545,0,2025-04
2025-04-22,0,3243,1,2025-04
2025-04-22,1,1524,1,2025-04
2025-04-22,2,1139,1,2025-04
2025-04-22,3,962,1,2025-04
2025-04-22,4,1052,1,2025-04
2025-04-22,5,2106,1,2025-04
2025-04-22,6,7400,1,2025-04
2025-04-22,7,19911,1,2025-04
2025-04-22,8,41355,1,2025-04
2025-04-22,9,33570,1,2025-04
2025-04-22,10,35863,1,2025-04
2025-04-22,11,44708,1,2025-04
2025-04-22,12,63310,1,2025-04
2025-04-22,13,66056,1,2025-04
2025-04-22,14,54009,1,2025-04
2025-04-22,15,60879,1,2025-04
2025-04-22,16,59576,1,2025-04
2025-04-22,17,68934,1,2025-04
2025-04-22,18,48909,1,2025-04
2025-04-22,19,34498,1,2025-04
2025-04-22,20,27422,1,2025-04
2025-04-22,21,22383,1,2025-04
2025-04-22,22,14856,1,2025-04
2025-04-22,23,7497,1,2025-04
2025-04-23,0,3623,2,2025-04
2025-04-23,1,2038,2,2025-04
2025-04-23,2,1326,2,2025-04
2025-04-23,3,1080,2,2025-04
2025-04-23,4,1046,2,2025-04
2025-04-23,5,2307,2,2025-04
2025-04-23,6,8047,2,2025-04
2025-04-23,7,21598,2,2025-04
2025-04-23,8,43272,2,2025-04
2025-04-23,9,37879,2,2025-04
2025-04-23,10,35030,2,2025-04
2025-04-23,11,43523,2,2025-04
2025-04-23,12,67132,2,2025-04
2025-04-23,13,65178,2,2025-04
2025-04-23,14,59933,2,2025-04
2025-04-23,15,56922,2,2025-04
2025-04-23,16,56853,2,2025-04
2025-04-23,17,73412,2,2025-04
2025-04-23,18,54791,2,2025-04
2025-04-23,19,38947,2,2025-04
2025-04-23,20,35799,2,2025-04
2025-04-23,21,28192,2,2025-04
2025-04-23,22,18485,2,2025-04
2025-04-23,23,8552,2,2025-04
2025-04-24,0,4276,3,2025-04
2025-04-24,1,2207,3,2025-04
2025-04-24,2,1427,3,2025-04
2025-04-24,3,874,3,2025-04
2025-04-24,4,1067,3,2025-04
2025-04-24,5,2623,3,2025-04
2025-04-24,6,7864,3,2025-04
2025-04-24,7,20596,3,2025-04
2025-04-24,8,43937,3,2025-04
2025-04-24,9,41249,3,2025-04
2025-04-24,10,38978,3,2025-04
2025-04-24,11,48314,3,2025-04
2025-04-24,12,69672,3,2025-04
2025-04-24,13,66358,3,2025-04
2025-04-24,14,57782,3,2025-04
2025-04-24,15,56203,3,2025-04
2025-04-24,16,61890,3,2025-04
2025-04-24,17,78598,3,2025-04
2025-04-24,18,57226,3,2025-04
2025-04-24,19,40797,3,2025-04
2025-04-24,20,41622,3,2025-04
2025-04-24,21,37225,3,2025-04
2025-04-24,22,35091,3,2025-04
2025-04-24,23,21340,3,2025-04
2025-04-25,0,10914,4,2025-04
2025-04-25,1,7028,4,2025-04
2025-04-25,2,5229,4,2025-04
2025-04-25,3,5197,4,2025-04
2025-04-25,4,4206,4,2025-04
2025-04-25,5,6034,4,2025-04
2025-04-25,6,9201,4,2025-04
2025-04-25,7,16912,4,2025-04
2025-04-25,8,21978,4,2025-04
2025-04-25,9,34158,4,2025-04
2025-04-25,10,48890,4,2025-04
2025-04-25,11,59085,4,2025-04
2025-04-25,12,69658,4,2025-04
2025-04-25,13,66190,4,2025-04
2025-04-25,14,53986,4,2025-04
2025-04-25,15,39855,4,2025-04
2025-04-25,16,41233,4,2025-04
2025-04-25,17,36563,4,2025-04
2025-04-25,18,42461,4,2025-04
2025-04-25,19,33908,4,2025-04
2025-04-25,20,27419,4,2025-04
2025-04-25,21,25062,4,2025-04
2025-04-25,22,22670,4,2025-04
2025-04-25,23,17942,4,2025-04
2025-04-26,0,7482,5,2025-04
2025-04-26,1,5392,5,2025-04
2025-04-26,2,3129,5,2025-04
2025-04-26,3,2658,5,2025-04
2025-04-26,4,2130,5,2025-04
2025-04-26,5,1851,5,2025-04
2025-04-26,6,3231,5,2025-04
2025-04-26,7,7218,5,2025-04
2025-04-26,8,15077,5,2025-04
2025-04-26,9,26710,5,2025-04
2025-04-26,10,40138,5,2025-04
2025-04-26,11,53441,5,2025-04
2025-04-26,12,63025,5,2025-04
2025-04-26,13,63580,5,2025-04
2025-04-26,14,68811,5,2025-04
2025-04-26,15,70204,5,2025-04
2025-04-26,16,66991,5,2025-04
2025-04-26,17,53284,5,2025-04
2025-04-26,18,43873,5,2025-04
2025-04-26,19,45131,5,2025-04
2025-04-26,20,38441,5,2025-04
2025-04-26,21,40494,5,2025-04
2025-04-26,22,35477,5,2025-04
2025-04-26,23,23742,5,2025-04
2025-04-27,0,14576,6,2025-04
2025-04-27,1,8978,6,2025-04
2025-04-27,2,6516,6,2025-04
2025-04-27,3,5538,6,2025-04
2025-04-27,4,3515,6,2025-04
2025-04-27,5,2677,6,2025-04
2025-04-27,6,3292,6,2025-04
2025-04-27,7,6931,6,2025-04
2025-04-27,8,13013,6,2025-04
2025-04-27,9,21932,6,2025-04
2025-04-27,10,36329,6,2025-04
2025-04-27,11,47484,6,2025-04
2025-04-27,12,56954,6,2025-04
2025-04-27,13,62762,6,2025-04
2025-04-27,14,66857,6,2025-04
2025-04-27,15,54920,6,2025-04
2025-04-27,16,47662,6,2025-04
2025-04-27,17,41157,6,2025-04
2025-04-27,18,40510,6,2025-04
2025-04-27,19,38455,6,2025-04
2025-04-27,20,27579,6,2025-04
2025-04-27,21,20430,6,2025-04
2025-04-27,22,13385,6,2025-04
2025-04-27,23,10443,6,2025-04
2025-04-28,0,4531,0,2025-04
2025-04-28,1,2415,0,2025-04
2025-04-28,2,1400,0,2025-04
2025-04-28,3,908,0,2025-04
2025-04-28,4,1339,0,2025-04
2025-04-28,5,3011,0,2025-04
2025-04-28,6,9625,0,2025-04
2025-04-28,7,23286,0,2025-04
2025-04-28,8,50136,0,2025-04
2025-04-28,9,35438,0,2025-04
2025-04-28,10,36618,0,2025-04
2025-04-28,11,39897,0,2025-04
2025-04-28,12,59373,0,2025-04
2025-04-28,13,62419,0,2025-04
2025-04-28,14,50228,0,2025-04
2025-04-28,15,48939,0,2025-04
2025-04-28,16,60071,0,2025-04
2025-04-28,17,73162,0,2025-04
2025-04-28,18,46008,0,2025-04
2025-04-28,19,31987,0,2025-04
2025-04-28,20,24220,0,2025-04
2025-04-28,21,18441,0,2025-04
2025-04-28,22,10030,0,2025-04
2025-04-28,23,4266,0,2025-04
2025-04-29,0,2703,1,2025-04
2025-04-29,1,1671,1,2025-04
2025-04-29,2,807,1,2025-04
2025-04-29,3,697,1,2025-04
2025-04-29,4,741,1,2025-04
2025-04-29,5,2541,1,2025-04
2025-04-29,6,9743,1,2025-04
2025-04-29,7,27266,1,2025-04
2025-04-29,8,57339,1,2025-04
2025-04-29,9,41969,1,2025-04
2025-04-29,10,36603,1,2025-04
2025-04-29,11,41398,1,2025-04
2025-04-29,12,61429,1,2025-04
2025-04-29,13,62569,1,2025-04
2025-04-29,14,51250,1,2025-04
2025-04-29,15,45566,1,2025-04
2025-04-29,16,58026,1,2025-04
2025-04-29,17,73124,1,2025-04
2025-04-29,18,49987,1,2025-04
2025-04-29,19,22742,1,2025-04
2025-04-29,20,20354,1,2025-04
2025-04-29,21,17606,1,2025-04
2025-04-29,22,11401,1,2025-04
2025-04-29,23,8260,1,2025-04
2025-04-30,0,2806,2,2025-04
2025-04-30,1,1700,2,2025-04
2025-04-30,2,1461,2,2025-04
2025-04-30,3,999,2,2025-04
2025-04-30,4,1158,2,2025-04
2025-04-30,5,2817,2,2025-04
2025-04-30,6,10137,2,2025-04
2025-04-30,7,27634,2,2025-04
2025-04-30,8,56311,2,2025-04
2025-04-30,9,43077,2,2025-04
2025-04-30,10,35544,2,2025-04
2025-04-30,11,43702,2,2025-04
2025-04-30,12,73407,2,2025-04
2025-04-30,13,66837,2,2025-04
2025-04-30,14,56099,2,2025-04
2025-04-30,15,60329,2,2025-04
2025-04-30,16,69469,2,2025-04
2025-04-30,17,77591,2,2025-04
2025-04-30,18,55724,2,2025-04
2025-04-30,19,35705,2,2025-04
2025-04-30,20,30112,2,2025-04
2025-04-30,21,22318,2,2025-04
2025-04-30,22,17693,2,2025-04
2025-04-30,23,9697,2,2025-04
2025-05-01,0,3852,3,2025-05
2025-05-01,1,2048,3,2025-05
2025-05-01,2,1248,3,2025-05
2025-05-01,3,978,3,2025-05
2025-05-01,4,1184,3,2025-05
2025-05-01,5,2934,3,2025-05
2025-05-01,6,10340,3,2025-05
2025-05-01,7,26999,3,2025-05
2025-05-01,8,60454,3,2025-05
2025-05-01,9,45662,3,2025-05
2025-05-01,10,37414,3,2025-05
2025-05-01,11,47174,3,2025-05
2025-05-01,12,73051,3,2025-05
2025-05-01,13,71841,3,2025-05
2025-05-01,14,59508,3,2025-05
2025-05-01,15,54711,3,2025-05
2025-05-01,16,67098,3,2025-05
2025-05-01,17,80258,3,2025-05
2025-05-01,18,56509,3,2025-05
2025-05-01,19,38178,3,2025-05
2025-05-01,20,30950,3,2025-05
2025-05-01,21,26787,3,2025-05
2025-05-01,22,26882,3,2025-05
2025-05-01,23,9756,3,2025-05
2025-05-02,0,4985,4,2025-05
2025-05-02,1,2738,4,2025-05
2025-05-02,2,1530,4,2025-05
2025-05-02,3,1011,4,2025-05
2025-05-02,4,1167,4,2025-05
2025-05-02,5,2617,4,2025-05
2025-05-02,6,8116,4,2025-05
2025-05-02,7,18295,4,2025-05
2025-05-02,8,40904,4,2025-05
2025-05-02,9,38312,4,2025-05
2025-05-02,10,40057,4,2025-05
2025-05-02,11,44343,4,2025-05
2025-05-02,12,66062,4,2025-05
2025-05-02,13,64985,4,2025-05
2025-05-02,14,61539,4,2025-05
2025-05-02,15,58030,4,2025-05
2025-05-02,16,65200,4,2025-05
2025-05-02,17,76431,4,2025-05
2025-05-02,18,59683,4,2025-05
2025-05-02,19,46283,4,2025-05
2025-05-02,20,40146,4,2025-05
2025-05-02,21,38561,4,2025-05
2025-05-02,22,33214,4,2025-05
2025-05-02,23,19107,4,2025-05
2025-05-03,0,9708,5,2025-05
2025-05-03,1,6233,5,2025-05
2025-05-03,2,4072,5,2025-05
2025-05-03,3,2767,5,2025-05
2025-05-03,4,1885,5,2025-05
2025-05-03,5,1852,5,2025-05
2025-05-03,6,3984,5,2025-05
2025-05-03,7,8674,5,2025-05
2025-05-03,8,17064,5,2025-05
2025-05-03,9,29476,5,2025-05
2025-05-03,10,41848,5,2025-05
2025-05-03,11,51918,5,2025-05
2025-05-03,12,52700,5,2025-05
2025-05-03,13,61134,5,2025-05
2025-05-03,14,63950,5,2025-05
2025-05-03,15,66048,5,2025-05
2025-05-03,16,62992,5,2025-05
2025-05-03,17,66802,5,2025-05
2025-05-03,18,58086,5,2025-05
2025-05-03,19,46897,5,2025-05
2025-05-03,20,42549,5,2025-05
2025-05-03,21,36645,5,2025-05
2025-05-03,22,36199,5,2025-05
2025-05-03,23,29775,5,2025-05
2025-05-04,0,13609,6,2025-05
2025-05-04,1,9794,6,2025-05
2025-05-04,2,6582,6,2025-05
2025-05-04,3,4869,6,2025-05
2025-05-04,4,3158,6,2025-05
2025-05-04,5,2400,6,2025-05
2025-05-04,6,3406,6,2025-05
2025-05-04,7,7418,6,2025-05
2025-05-04,8,14490,6,2025-05
2025-05-04,9,24795,6,2025-05
2025-05-04,10,38110,6,2025-05
2025-05-04,11,43908,6,2025-05
2025-05-04,12,52464,6,2025-05
2025-05-04,13,62320,6,2025-05
2025-05-04,14,61981,6,2025-05
2025-05-04,15,59422,6,2025-05
2025-05-04,16,53768,6,2025-05
2025-05-04,17,43234,6,2025-05
2025-05-04,18,42893,6,2025-05
2025-05-04,19,31627,6,2025-05
2025-05-04,20,28427,6,2025-05
2025-05-04,21,21607,6,2025-05
2025-05-04,22,12353,6,2025-05
2025-05-04,23,6678,6,2025-05
2025-05-05,0,3374,0,2025-05
2025-05-05,1,2046,0,2025-05
2025-05-05,2,1306,0,2025-05
2025-05-05,3,1000,0,2025-05
2025-05-05,4,1078,0,2025-05
2025-05-05,5,2337,0,2025-05
2025-05-05,6,7690,0,2025-05
2025-05-05,7,22750,0,2025-05
2025-05-05,8,52435,0,2025-05
2025-05-05,9,37632,0,2025-05
2025-05-05,10,35546,0,2025-05
2025-05-05,11,40963,0,2025-05
2025-05-05,12,65399,0,2025-05
2025-05-05,13,60039,0,2025-05
2025-05-05,14,52135,0,2025-05
2025-05-05,15,54178,0,2025-05
2025-05-05,16,62810,0,2025-05
2025-05-05,17,71877,0,2025-05
2025-05-05,18,44069,0,2025-05
2025-05-05,19,32357,0,2025-05
2025-05-05,20,27137,0,2025-05
2025-05-05,21,18825,0,2025-05
2025-05-05,22,12629,0,2025-05
2025-05-05,23,6345,0,2025-05
2025-05-06,0,2804,1,2025-05
2025-05-06,1,1584,1,2025-05
2025-05-06,2,993,1,2025-05
2025-05-06,3,747,1,2025-05
2025-05-06,4,996,1,2025-05
2025-05-06,5,2850,1,2025-05
2025-05-06,6,10515,1,2025-05
2025-05-06,7,28613,1,2025-05
2025-05-06,8,63392,1,2025-05
2025-05-06,9,44957,1,2025-05
2025-05-06,10,40052,1,2025-05
2025-05-06,11,42826,1,2025-05
2025-05-06,12,72335,1,2025-05
2025-05-06,13,70287,1,2025-05
2025-05-06,14,49737,1,2025-05
2025-05-06,15,54827,1,2025-05
2025-05-06,16,67744,1,2025-05
2025-05-06,17,81239,1,2025-05
2025-05-06,18,50199,1,2025-05
2025-05-06,19,36491,1,2025-05
2025-05-06,20,29262,1,2025-05
2025-05-06,21,22441,1,2025-05
2025-05-06,22,15800,1,2025-05
2025-05-06,23,7392,1,2025-05
2025-05-07,0,3856,2,2025-05
2025-05-07,1,1962,2,2025-05
2025-05-07,2,1027,2,2025-05
2025-05-07,3,1001,2,2025-05
2025-05-07,4,1027,2,2025-05
2025-05-07,5,2782,2,2025-05
2025-05-07,6,11056,2,2025-05
2025-05-07,7,27959,2,2025-05
2025-05-07,8,58730,2,2025-05
2025-05-07,9,43130,2,2025-05
2025-05-07,10,38873,2,2025-05
2025-05-07,11,36111,2,2025-05
2025-05-07,12,50086,2,2025-05
2025-05-07,13,53474,2,2025-05
2025-05-07,14,49650,2,2025-05
2025-05-07,15,53547,2,2025-05
2025-05-07,16,64265,2,2025-05
2025-05-07,17,80016,2,2025-05
2025-05-07,18,53806,2,2025-05
2025-05-07,19,35434,2,2025-05
2025-05-07,20,26483,2,2025-05
2025-05-07,21,23144,2,2025-05
2025-05-07,22,14806,2,2025-05
2025-05-07,23,11090,2,2025-05
2025-05-08,0,3308,3,2025-05
2025-05-08,1,1756,3,2025-05
2025-05-08,2,1214,3,2025-05
2025-05-08,3,889,3,2025-05
2025-05-08,4,1039,3,2025-05
2025-05-08,5,2821,3,2025-05
2025-05-08,6,9950,3,2025-05
2025-05-08,7,24233,3,2025-05
2025-05-08,8,55579,3,2025-05
2025-05-08,9,45648,3,2025-05
2025-05-08,10,40312,3,2025-05
2025-05-08,11,47243,3,2025-05
2025-05-08,12,70769,3,2025-05
2025-05-08,13,67345,3,2025-05
2025-05-08,14,57845,3,2025-05
2025-05-08,15,53781,3,2025-05
2025-05-08,16,64804,3,2025-05
2025-05-08,17,88544,3,2025-05
2025-05-08,18,55333,3,2025-05
2025-05-08,19,38664,3,2025-05
2025-05-08,20,33356,3,2025-05
2025-05-08,21,26771,3,2025-05
2025-05-08,22,18409,3,2025-05
2025-05-08,23,11466,3,2025-05
2025-05-09,0,4160,4,2025-05
2025-05-09,1,2809,4,2025-05
2025-05-09,2,1770,4,2025-05
2025-05-09,3,1266,4,2025-05
2025-05-09,4,1206,4,2025-05
2025-05-09,5,2635,4,2025-05
2025-05-09,6,8135,4,2025-05
2025-05-09,7,19342,4,2025-05
2025-05-09,8,42926,4,2025-05
2025-05-09,9,39917,4,2025-05
2025-05-09,10,41315,4,2025-05
2025-05-09,11,47970,4,2025-05
2025-05-09,12,68870,4,2025-05
2025-05-09,13,64030,4,2025-05
2025-05-09,14,58073,4,2025-05
2025-05-09,15,64834,4,2025-05
2025-05-09,16,70200,4,2025-05
2025-05-09,17,76286,4,2025-05
2025-05-09,18,58648,4,2025-05
2025-05-09,19,43837,4,2025-05
2025-05-09,20,41468,4,2025-05
2025-05-09,21,38429,4,2025-05
2025-05-09,22,34679,4,2025-05
2025-05-09,23,24499,4,2025-05
2025-05-10,0,12190,5,2025-05
2025-05-10,1,6417,5,2025-05
2025-05-10,2,4359,5,2025-05
2025-05-10,3,3432,5,2025-05
2025-05-10,4,2077,5,2025-05
2025-05-10,5,2004,5,2025-05
2025-05-10,6,4521,5,2025-05
2025-05-10,7,9658,5,2025-05
2025-05-10,8,16812,5,2025-05
2025-05-10,9,30817,5,2025-05
2025-05-10,10,42159,5,2025-05
2025-05-10,11,61204,5,2025-05
2025-05-10,12,75104,5,2025-05
2025-05-10,13,70901,5,2025-05
2025-05-10,14,69905,5,2025-05
2025-05-10,15,71774,5,2025-05
2025-05-10,16,73075,5,2025-05
2025-05-10,17,62015,5,2025-05
2025-05-10,18,55188,5,2025-05
2025-05-10,19,60087,5,2025-05
2025-05-10,20,45589,5,2025-05
2025-05-10,21,38904,5,2025-05
2025-05-10,22,32732,5,2025-05
2025-05-10,23,22359,5,2025-05
2025-05-11,0,12119,6,2025-05
2025-05-11,1,8402,6,2025-05
2025-05-11,2,5183,6,2025-05
2025-05-11,3,3676,6,2025-05
2025-05-11,4,2467,6,2025-05
2025-05-11,5,2466,6,2025-05
2025-05-11,6,4575,6,2025-05
2025-05-11,7,10285,6,2025-05
2025-05-11,8,22352,6,2025-05
2025-05-11,9,29013,6,2025-05
2025-05-11,10,41622,6,2025-05
2025-05-11,11,54402,6,2025-05
2025-05-11,12,65206,6,2025-05
2025-05-11,13,63573,6,2025-05
2025-05-11,14,59933,6,2025-05
2025-05-11,15,63637,6,2025-05
2025-05-11,16,71248,6,2025-05
2025-05-11,17,50639,6,2025-05
2025-05-11,18,42319,6,2025-05
2025-05-11,19,38029,6,2025-05
2025-05-11,20,29013,6,2025-05
2025-05-11,21,21024,6,2025-05
2025-05-11,22,14919,6,2025-05
2025-05-11,23,8966,6,2025-05
2025-05-12,0,3833,0,2025-05
2025-05-12,1,1667,0,2025-05
2025-05-12,2,1180,0,2025-05
2025-05-12,3,953,0,2025-05
2025-05-12,4,1105,0,2025-05
2025-05-12,5,2719,0,2025-05
2025-05-12,6,9048,0,2025-05
2025-05-12,7,23082,0,2025-05
2025-05-12,8,49347,0,2025-05
2025-05-12,9,37571,0,2025-05
2025-05-12,10,35259,0,2025-05
2025-05-12,11,40600,0,2025-05
2025-05-12,12,63044,0,2025-05
2025-05-12,13,60363,0,2025-05
2025-05-12,14,50779,0,2025-05
2025-05-12,15,49532,0,2025-05
2025-05-12,16,57811,0,2025-05
2025-05-12,17,67442,0,2025-05
2025-05-12,18,44916,0,2025-05
2025-05-12,19,32445,0,2025-05
2025-05-12,20,25771,0,2025-05
2025-05-12,21,19059,0,2025-05
2025-05-12,22,11585,0,2025-05
2025-05-12,23,5584,0,2025-05
2025-05-13,0,2622,1,2025-05
2025-05-13,1,1599,1,2025-05
2025-05-13,2,1069,1,2025-05
2025-05-13,3,683,1,2025-05
2025-05-13,4,989,1,2025-05
2025-05-13,5,2648,1,2025-05
2025-05-13,6,9730,1,2025-05
2025-05-13,7,27236,1,2025-05
2025-05-13,8,61438,1,2025-05
2025-05-13,9,42825,1,2025-05
2025-05-13,10,39532,1,2025-05
2025-05-13,11,41490,1,2025-05
2025-05-13,12,70876,1,2025-05
2025-05-13,13,69706,1,2025-05
2025-05-13,14,55916,1,2025-05
2025-05-13,15,54848,1,2025-05
2025-05-13,16,65269,1,2025-05
2025-05-13,17,80384,1,2025-05
2025-05-13,18,49884,1,2025-05
2025-05-13,19,34592,1,2025-05
2025-05-13,20,29064,1,2025-05
2025-05-13,21,23124,1,2025-05
2025-05-13,22,14532,1,2025-05
2025-05-13,23,7375,1,2025-05
2025-05-14,0,3028,2,2025-05
2025-05-14,1,1871,2,2025-05
2025-05-14,2,1148,2,2025-05
2025-05-14,3,965,2,2025-05
2025-05-14,4,983,2,2025-05
2025-05-14,5,2471,2,2025-05
2025-05-14,6,9540,2,2025-05
2025-05-14,7,26871,2,2025-05
2025-05-14,8,58445,2,2025-05
2025-05-14,9,41558,2,2025-05
2025-05-14,10,35913,2,2025-05
2025-05-14,11,41637,2,2025-05
2025-05-14,12,67051,2,2025-05
2025-05-14,13,63353,2,2025-05
2025-05-14,14,53212,2,2025-05
2025-05-14,15,54084,2,2025-05
2025-05-14,16,62301,2,2025-05
2025-05-14,17,78669,2,2025-05
2025-05-14,18,52575,2,2025-05
2025-05-14,19,35332,2,2025-05
2025-05-14,20,31299,2,2025-05
2025-05-14,21,22915,2,2025-05
2025-05-14,22,15142,2,2025-05
2025-05-14,23,7701,2,2025-05
2025-05-15,0,3541,3,2025-05
2025-05-15,1,2048,3,2025-05
2025-05-15,2,1298,3,2025-05
2025-05-15,3,890,3,2025-05
2025-05-15,4,925,3,2025-05
2025-05-15,5,2564,3,2025-05
2025-05-15,6,9195,3,2025-05
2025-05-15,7,24730,3,2025-05
2025-05-15,8,58004,3,2025-05
2025-05-15,9,43194,3,2025-05
2025-05-15,10,35949,3,2025-05
2025-05-15,11,43099,3,2025-05
2025-05-15,12,71809,3,2025-05
2025-05-15,13,65480,3,2025-05
2025-05-15,14,54615,3,2025-05
2025-05-15,15,53182,3,2025-05
2025-05-15,16,64694,3,2025-05
2025-05-15,17,82716,3,2025-05
2025-05-15,18,53708,3,2025-05
2025-05-15,19,37759,3,2025-05
2025-05-15,20,33699,3,2025-05
2025-05-15,21,30362,3,2025-05
2025-05-15,22,18897,3,2025-05
2025-05-15,23,10221,3,2025-05
2025-05-16,0,4357,4,2025-05
2025-05-16,1,2514,4,2025-05
2025-05-16,2,1395,4,2025-05
2025-05-16,3,1139,4,2025-05
2025-05-16,4,1214,4,2025-05
2025-05-16,5,2601,4,2025-05
2025-05-16,6,8329,4,2025-05
2025-05-16,7,20064,4,2025-05
2025-05-16,8,41488,4,2025-05
2025-05-16,9,37072,4,2025-05
2025-05-16,10,37629,4,2025-05
2025-05-16,11,48240,4,2025-05
2025-05-16,12,62147,4,2025-05
2025-05-16,13,59017,4,2025-05
2025-05-16,14,52660,4,2025-05
2025-05-16,15,58361,4,2025-05
2025-05-16,16,63827,4,2025-05
2025-05-16,17,69508,4,2025-05
2025-05-16,18,56708,4,2025-05
2025-05-16,19,47210,4,2025-05
2025-05-16,20,43160,4,2025-05
2025-05-16,21,38368,4,2025-05
2025-05-16,22,30878,4,2025-05
2025-05-16,23,20486,4,2025-05
2025-05-17,0,11155,5,2025-05
2025-05-17,1,6799,5,2025-05
2025-05-17,2,4548,5,2025-05
2025-05-17,3,3055,5,2025-05
2025-05-17,4,2056,5,2025-05
2025-05-17,5,1985,5,2025-05
2025-05-17,6,3246,5,2025-05
2025-05-17,7,6990,5,2025-05
2025-05-17,8,9456,5,2025-05
2025-05-17,9,15259,5,2025-05
2025-05-17,10,32018,5,2025-05
2025-05-17,11,47024,5,2025-05
2025-05-17,12,46749,5,2025-05
2025-05-17,13,59464,5,2025-05
2025-05-17,14,41134,5,2025-05
2025-05-17,15,42643,5,2025-05
2025-05-17,16,63929,5,2025-05
2025-05-17,17,50349,5,2025-05
2025-05-17,18,44876,5,2025-05
2025-05-17,19,35817,5,2025-05
2025-05-17,20,30969,5,2025-05
2025-05-17,21,32211,5,2025-05
2025-05-17,22,36073,5,2025-05
2025-05-17,23,20099,5,2025-05
2025-05-18,0,11178,6,2025-05
2025-05-18,1,7326,6,2025-05
2025-05-18,2,5471,6,2025-05
2025-05-18,3,4303,6,2025-05
2025-05-18,4,2428,6,2025-05
2025-05-18,5,2171,6,2025-05
2025-05-18,6,2893,6,2025-05
2025-05-18,7,6733,6,2025-05
2025-05-18,8,13840,6,2025-05
2025-05-18,9,24408,6,2025-05
2025-05-18,10,40514,6,2025-05
2025-05-18,11,52520,6,2025-05
2025-05-18,12,67022,6,2025-05
2025-05-18,13,74371,6,2025-05
2025-05-18,14,64488,6,2025-05
2025-05-18,15,59888,6,2025-05
2025-05-18,16,67101,6,2025-05
2025-05-18,17,47811,6,2025-05
2025-05-18,18,35032,6,2025-05
2025-05-18,19,29114,6,2025-05
2025-05-18,20,22264,6,2025-05
2025-05-18,21,17675,6,2025-05
2025-05-18,22,11640,6,2025-05
2025-05-18,23,5919,6,2025-05
2025-05-19,0,2618,0,2025-05
2025-05-19,1,1493,0,2025-05
2025-05-19,2,938,0,2025-05
2025-05-19,3,895,0,2025-05
2025-05-19,4,854,0,2025-05
2025-05-19,5,2127,0,2025-05
2025-05-19,6,6437,0,2025-05
2025-05-19,7,19675,0,2025-05
2025-05-19,8,46196,0,2025-05
2025-05-19,9,34860,0,2025-05
2025-05-19,10,32087,0,2025-05
2025-05-19,11,37829,0,2025-05
2025-05-19,12,61280,0,2025-05
2025-05-19,13,60815,0,2025-05
2025-05-19,14,49160,0,2025-05
2025-05-19,15,45790,0,2025-05
2025-05-19,16,53971,0,2025-05
2025-05-19,17,72627,0,2025-05
2025-05-19,18,44389,0,2025-05
2025-05-19,19,28994,0,2025-05
2025-05-19,20,23092,0,2025-05
2025-05-19,21,18196,0,2025-05
2025-05-19,22,10841,0,2025-05
2025-05-19,23,5227,0,2025-05
2025-05-20,0,2554,1,2025-05
2025-05-20,1,1442,1,2025-05
2025-05-20,2,691,1,2025-05
2025-05-20,3,585,1,2025-05
2025-05-20,4,736,1,2025-05
2025-05-20,5,2330,1,2025-05
2025-05-20,6,8261,1,2025-05
2025-05-20,7,24815,1,2025-05
2025-05-20,8,53880,1,2025-05
2025-05-20,9,45951,1,2025-05
2025-05-20,10,35771,1,2025-05
2025-05-20,11,44550,1,2025-05
2025-05-20,12,70305,1,2025-05
2025-05-20,13,67338,1,2025-05
2025-05-20,14,53678,1,2025-05
2025-05-20,15,54959,1,2025-05
2025-05-20,16,63537,1,2025-05
2025-05-20,17,75405,1,2025-05
2025-05-20,18,50992,1,2025-05
2025-05-20,19,33585,1,2025-05
2025-05-20,20,26296,1,2025-05
2025-05-20,21,21415,1,2025-05
2025-05-20,22,14101,1,2025-05
2025-05-20,23,6665,1,2025-05
2025-05-21,0,2859,2,2025-05
2025-05-21,1,1580,2,2025-05
2025-05-21,2,1015,2,2025-05
2025-05-21,3,786,2,2025-05
2025-05-21,4,843,2,2025-05
2025-05-21,5,2259,2,2025-05
2025-05-21,6,8098,2,2025-05
2025-05-21,7,22857,2,2025-05
2025-05-21,8,52601,2,2025-05
2025-05-21,9,40478,2,2025-05
2025-05-21,10,35668,2,2025-05
2025-05-21,11,41716,2,2025-05
2025-05-21,12,65946,2,2025-05
2025-05-21,13,65276,2,2025-05
2025-05-21,14,49049,2,2025-05
2025-05-21,15,53904,2,2025-05
2025-05-21,16,65884,2,2025-05
2025-05-21,17,77146,2,2025-05
2025-05-21,18,51991,2,2025-05
2025-05-21,19,32496,2,2025-05
2025-05-21,20,28253,2,2025-05
2025-05-21,21,23241,2,2025-05
2025-05-21,22,14203,2,2025-05
2025-05-21,23,6552,2,2025-05
2025-05-22,0,3057,3,2025-05
2025-05-22,1,1741,3,2025-05
2025-05-22,2,1038,3,2025-05
2025-05-22,3,890,3,2025-05
2025-05-22,4,1161,3,2025-05
2025-05-22,5,2481,3,2025-05
2025-05-22,6,8182,3,2025-05
2025-05-22,7,23805,3,2025-05
2025-05-22,8,54616,3,2025-05
2025-05-22,9,42136,3,2025-05
2025-05-22,10,34609,3,2025-05
2025-05-22,11,42306,3,2025-05
2025-05-22,12,65106,3,2025-05
2025-05-22,13,66389,3,2025-05
2025-05-22,14,56202,3,2025-05
2025-05-22,15,55769,3,2025-05
2025-05-22,16,66318,3,2025-05
2025-05-22,17,72466,3,2025-05
2025-05-22,18,49381,3,2025-05
2025-05-22,19,37371,3,2025-05
2025-05-22,20,29806,3,2025-05
2025-05-22,21,25505,3,2025-05
2025-05-22,22,19271,3,2025-05
2025-05-22,23,10634,3,2025-05
2025-05-23,0,5002,4,2025-05
2025-05-23,1,2777,4,2025-05
2025-05-23,2,1674,4,2025-05
2025-05-23,3,1085,4,2025-05
2025-05-23,4,1205,4,2025-05
2025-05-23,5,2353,4,2025-05
2025-05-23,6,7342,4,2025-05
2025-05-23,7,17070,4,2025-05
2025-05-23,8,39067,4,2025-05
2025-05-23,9,35003,4,2025-05
2025-05-23,10,35249,4,2025-05
2025-05-23,11,37999,4,2025-05
2025-05-23,12,56271,4,2025-05
2025-05-23,13,64136,4,2025-05
2025-05-23,14,50237,4,2025-05
2025-05-23,15,39731,4,2025-05
2025-05-23,16,45100,4,2025-05
2025-05-23,17,64045,4,2025-05
2025-05-23,18,49981,4,2025-05
2025-05-23,19,41372,4,2025-05
2025-05-23,20,35325,4,2025-05
2025-05-23,21,31873,4,2025-05
2025-05-23,22,33430,4,2025-05
2025-05-23,23,23971,4,2025-05
2025-05-24,0,10214,5,2025-05
2025-05-24,1,6008,5,2025-05
2025-05-24,2,3925,5,2025-05
2025-05-24,3,2964,5,2025-05
2025-05-24,4,2122,5,2025-05
2025-05-24,5,1899,5,2025-05
2025-05-24,6,3491,5,2025-05
2025-05-24,7,8337,5,2025-05
2025-05-24,8,16142,5,2025-05
2025-05-24,9,27770,5,2025-05
2025-05-24,10,42391,5,2025-05
2025-05-24,11,58660,5,2025-05
2025-05-24,12,66143,5,2025-05
2025-05-24,13,67006,5,2025-05
2025-05-24,14,71187,5,2025-05
2025-05-24,15,80589,5,2025-05
2025-05-24,16,69105,5,2025-05
2025-05-24,17,63262,5,2025-05
2025-05-24,18,55903,5,2025-05
2025-05-24,19,57627,5,2025-05
2025-05-24,20,45315,5,2025-05
2025-05-24,21,36233,5,2025-05
2025-05-24,22,39390,5,2025-05
2025-05-24,23,21962,5,2025-05
2025-05-25,0,12263,6,2025-05
2025-05-25,1,8092,6,2025-05
2025-05-25,2,5691,6,2025-05
2025-05-25,3,4719,6,2025-05
2025-05-25,4,2959,6,2025-05
2025-05-25,5,2498,6,2025-05
2025-05-25,6,2885,6,2025-05
2025-05-25,7,6903,6,2025-05
2025-05-25,8,13570,6,2025-05
2025-05-25,9,24921,6,2025-05
2025-05-25,10,35659,6,2025-05
2025-05-25,11,45752,6,2025-05
2025-05-25,12,53803,6,2025-05
2025-05-25,13,63969,6,2025-05
2025-05-25,14,63612,6,2025-05
2025-05-25,15,58929,6,2025-05
2025-05-25,16,59570,6,2025-05
2025-05-25,17,49929,6,2025-05
2025-05-25,18,41138,6,2025-05
2025-05-25,19,33920,6,2025-05
2025-05-25,20,25419,6,2025-05
2025-05-25,21,21727,6,2025-05
2025-05-25,22,13722,6,2025-05
2025-05-25,23,6288,6,2025-05
2025-05-26,0,3027,0,2025-05
2025-05-26,1,1580,0,2025-05
2025-05-26,2,1132,0,2025-05
2025-05-26,3,1013,0,2025-05
2025-05-26,4,924,0,2025-05
2025-05-26,5,2299,0,2025-05
2025-05-26,6,7151,0,2025-05
2025-05-26,7,18881,0,2025-05
2025-05-26,8,44123,0,2025-05
2025-05-26,9,35353,0,2025-05
2025-05-26,10,31602,0,2025-05
2025-05-26,11,35836,0,2025-05
2025-05-26,12,57089,0,2025-05
2025-05-26,13,54148,0,2025-05
2025-05-26,14,44774,0,2025-05
2025-05-26,15,49556,0,2025-05
2025-05-26,16,56531,0,2025-05
2025-05-26,17,60021,0,2025-05
2025-05-26,18,38597,0,2025-05
2025-05-26,19,26055,0,2025-05
2025-05-26,20,21305,0,2025-05
2025-05-26,21,16238,0,2025-05
2025-05-26,22,11436,0,2025-05
2025-05-26,23,5249,0,2025-05
2025-05-27,0,2602,1,2025-05
2025-05-27,1,1419,1,2025-05
2025-05-27,2,957,1,2025-05
2025-05-27,3,726,1,2025-05
2025-05-27,4,698,1,2025-05
2025-05-27,5,2422,1,2025-05
2025-05-27,6,8265,1,2025-05
2025-05-27,7,23107,1,2025-05
2025-05-27,8,53989,1,2025-05
2025-05-27,9,37203,1,2025-05
2025-05-27,10,33165,1,2025-05
2025-05-27,11,36912,1,2025-05
2025-05-27,12,56475,1,2025-05
2025-05-27,13,44766,1,2025-05
2025-05-27,14,46077,1,2025-05
2025-05-27,15,47541,1,2025-05
2025-05-27,16,39855,1,2025-05
2025-05-27,17,61950,1,2025-05
2025-05-27,18,40989,1,2025-05
2025-05-27,19,29260,1,2025-05
2025-05-27,20,23148,1,2025-05
2025-05-27,21,17513,1,2025-05
2025-05-27,22,13632,1,2025-05
2025-05-27,23,7474,1,2025-05
2025-05-28,0,2994,2,2025-05
2025-05-28,1,1346,2,2025-05
2025-05-28,2,841,2,2025-05
2025-05-28,3,795,2,2025-05
2025-05-28,4,874,2,2025-05
2025-05-28,5,2270,2,2025-05
2025-05-28,6,8344,2,2025-05
2025-05-28,7,21363,2,2025-05
2025-05-28,8,48207,2,2025-05
2025-05-28,9,37350,2,2025-05
2025-05-28,10,31244,2,2025-05
2025-05-28,11,37420,2,2025-05
2025-05-28,12,59465,2,2025-05
2025-05-28,13,54415,2,2025-05
2025-05-28,14,45669,2,2025-05
2025-05-28,15,49783,2,2025-05
2025-05-28,16,53783,2,2025-05
2025-05-28,17,63809,2,2025-05
2025-05-28,18,41472,2,2025-05
2025-05-28,19,29648,2,2025-05
2025-05-28,20,22320,2,2025-05
2025-05-28,21,15984,2,2025-05
2025-05-28,22,9859,2,2025-05
2025-05-28,23,4747,2,2025-05
2025-05-29,0,2666,3,2025-05
2025-05-29,1,1349,3,2025-05
2025-05-29,2,951,3,2025-05
2025-05-29,3,761,3,2025-05
2025-05-29,4,907,3,2025-05
2025-05-29,5,2576,3,2025-05
2025-05-29,6,7626,3,2025-05
2025-05-29,7,21573,3,2025-05
2025-05-29,8,50414,3,2025-05
2025-05-29,9,40685,3,2025-05
2025-05-29,10,34293,3,2025-05
2025-05-29,11,41778,3,2025-05
2025-05-29,12,62880,3,2025-05
2025-05-29,13,60487,3,2025-05
2025-05-29,14,53126,3,2025-05
2025-05-29,15,49278,3,2025-05
2025-05-29,16,63756,3,2025-05
2025-05-29,17,72459,3,2025-05
2025-05-29,18,49998,3,2025-05
2025-05-29,19,37667,3,2025-05
2025-05-29,20,30996,3,2025-05
2025-05-29,21,27564,3,2025-05
2025-05-29,22,17315,3,2025-05
2025-05-29,23,9600,3,2025-05
2025-05-30,0,4209,4,2025-05
2025-05-30,1,2923,4,2025-05
2025-05-30,2,1621,4,2025-05
2025-05-30,3,1337,4,2025-05
2025-05-30,4,1048,4,2025-05
2025-05-30,5,2563,4,2025-05
2025-05-30,6,6947,4,2025-05
2025-05-30,7,16745,4,2025-05
2025-05-30,8,39806,4,2025-05
2025-05-30,9,37027,4,2025-05
2025-05-30,10,35464,4,2025-05
2025-05-30,11,42467,4,2025-05
2025-05-30,12,60356,4,2025-05
2025-05-30,13,57145,4,2025-05
2025-05-30,14,57018,4,2025-05
2025-05-30,15,54254,4,2025-05
2025-05-30,16,62725,4,2025-05
2025-05-30,17,73620,4,2025-05
2025-05-30,18,63043,4,2025-05
2025-05-30,19,48366,4,2025-05
2025-05-30,20,39986,4,2025-05
2025-05-30,21,36853,4,2025-05
2025-05-30,22,42827,4,2025-05
2025-05-30,23,24458,4,2025-05
2025-05-31,0,11790,5,2025-05
2025-05-31,1,7206,5,2025-05
2025-05-31,2,4515,5,2025-05
2025-05-31,3,3187,5,2025-05
2025-05-31,4,2243,5,2025-05
2025-05-31,5,2172,5,2025-05
2025-05-31,6,3435,5,2025-05
2025-05-31,7,7183,5,2025-05
2025-05-31,8,14903,5,2025-05
2025-05-31,9,26278,5,2025-05
2025-05-31,10,38257,5,2025-05
2025-05-31,11,49292,5,2025-05
2025-05-31,12,56756,5,2025-05
2025-05-31,13,67276,5,2025-05
2025-05-31,14,63980,5,2025-05
2025-05-31,15,68901,5,2025-05
2025-05-31,16,66663,5,2025-05
2025-05-31,17,55456,5,2025-05
2025-05-31,18,49660,5,2025-05
2025-05-31,19,46073,5,2025-05
2025-05-31,20,40321,5,2025-05
2025-05-31,21,33758,5,2025-05
2025-05-31,22,32640,5,2025-05
2025-05-31,23,22105,5,2025-05
2025-06-01,0,13008,6,2025-06
2025-06-01,1,8473,6,2025-06
2025-06-01,2,5288,6,2025-06
2025-06-01,3,4003,6,2025-06
2025-06-01,4,2848,6,2025-06
2025-06-01,5,2292,6,2025-06
2025-06-01,6,2711,6,2025-06
2025-06-01,7,6467,6,2025-06
2025-06-01,8,12654,6,2025-06
2025-06-01,9,22409,6,2025-06
2025-06-01,10,34145,6,2025-06
2025-06-01,11,42270,6,2025-06
2025-06-01,12,60005,6,2025-06
2025-06-01,13,64470,6,2025-06
2025-06-01,14,57491,6,2025-06
2025-06-01,15,55752,6,2025-06
2025-06-01,16,50861,6,2025-06
2025-06-01,17,43193,6,2025-06
2025-06-01,18,36175,6,2025-06
2025-06-01,19,31687,6,2025-06
2025-06-01,20,25470,6,2025-06
2025-06-01,21,16524,6,2025-06
2025-06-01,22,757,6,2025-06
2025-06-01,23,454,6,2025-06
2025-06-02,0,342,0,2025-06
2025-06-02,1,203,0,2025-06
2025-06-02,2,160,0,2025-06
2025-06-02,3,69,0,2025-06
2025-06-02,4,51,0,2025-06
2025-06-02,7,476,0,2025-06
2025-06-02,9,815,0,2025-06
2025-06-02,10,833,0,2025-06
2025-06-02,11,1044,0,2025-06
2025-06-02,12,1428,0,2025-06
2025-06-02,13,1513,0,2025-06
2025-06-02,14,37778,0,2025-06
2025-06-02,15,52330,0,2025-06
2025-06-02,16,60512,0,2025-06
2025-06-02,17,67839,0,2025-06
2025-06-02,18,45000,0,2025-06
2025-06-02,19,31868,0,2025-06
2025-06-02,20,25071,0,2025-06
2025-06-02,21,18907,0,2025-06
2025-06-02,22,11684,0,2025-06
2025-06-02,23,6025,0,2025-06
2025-06-03,0,2660,1,2025-06
2025-06-03,1,1608,1,2025-06
2025-06-03,2,1040,1,2025-06
2025-06-03,3,817,1,2025-06
2025-06-03,4,839,1,2025-06
2025-06-03,5,1758,1,2025-06
2025-06-03,6,6540,1,2025-06
2025-06-03,7,19659,1,2025-06
2025-06-03,8,40264,1,2025-06
2025-06-03,9,33347,1,2025-06
2025-06-03,10,29661,1,2025-06
2025-06-03,11,28566,1,2025-06
2025-06-03,12,38283,1,2025-06
2025-06-03,13,51531,1,2025-06
2025-06-03,14,42576,1,2025-06
2025-06-03,15,43785,1,2025-06
2025-06-03,16,50619,1,2025-06
2025-06-03,17,59008,1,2025-06
2025-06-03,18,38029,1,2025-06
2025-06-03,19,25765,1,2025-06
2025-06-03,20,20962,1,2025-06
2025-06-03,21,18360,1,2025-06
2025-06-03,22,12053,1,2025-06
2025-06-03,23,5885,1,2025-06
2025-06-04,0,2602,2,2025-06
2025-06-04,1,1682,2,2025-06
2025-06-04,2,1057,2,2025-06
2025-06-04,3,816,2,2025-06
2025-06-04,4,954,2,2025-06
2025-06-04,5,2538,2,2025-06
2025-06-04,6,8893,2,2025-06
2025-06-04,7,23637,2,2025-06
2025-06-04,8,50475,2,2025-06
2025-06-04,9,39539,2,2025-06
2025-06-04,10,31490,2,2025-06
2025-06-04,11,38277,2,2025-06
2025-06-04,12,59204,2,2025-06
2025-06-04,13,58715,2,2025-06
2025-06-04,14,51661,2,2025-06
2025-06-04,15,48070,2,2025-06
2025-06-04,16,58451,2,2025-06
2025-06-04,17,68086,2,2025-06
2025-06-04,18,50633,2,2025-06
2025-06-04,19,36106,2,2025-06
2025-06-04,20,29763,2,2025-06
2025-06-04,21,24311,2,2025-06
2025-06-04,22,16712,2,2025-06
2025-06-04,23,7804,2,2025-06
2025-06-05,0,3336,3,2025-06
2025-06-05,1,1855,3,2025-06
2025-06-05,2,1139,3,2025-06
2025-06-05,3,698,3,2025-06
2025-06-05,4,805,3,2025-06
2025-06-05,5,2579,3,2025-06
2025-06-05,6,7516,3,2025-06
2025-06-05,7,21984,3,2025-06
2025-06-05,8,48743,3,2025-06
2025-06-05,9,39574,3,2025-06
2025-06-05,10,31581,3,2025-06
2025-06-05,11,39740,3,2025-06
2025-06-05,12,61090,3,2025-06
2025-06-05,13,64370,3,2025-06
2025-06-05,14,50222,3,2025-06
2025-06-05,15,50295,3,2025-06
2025-06-05,16,60287,3,2025-06
2025-06-05,17,70494,3,2025-06
2025-06-05,18,56533,3,2025-06
2025-06-05,19,39472,3,2025-06
2025-06-05,20,31078,3,2025-06
2025-06-05,21,25691,3,2025-06
2025-06-05,22,26955,3,2025-06
2025-06-05,23,10840,3,2025-06
2025-06-06,0,4496,4,2025-06
2025-06-06,1,2602,4,2025-06
2025-06-06,2,1673,4,2025-06
2025-06-06,3,1277,4,2025-06
2025-06-06,4,1203,4,2025-06
2025-06-06,5,2501,4,2025-06
2025-06-06,6,7340,4,2025-06
2025-06-06,7,16014,4,2025-06
2025-06-06,8,35043,4,2025-06
2025-06-06,9,34768,4,2025-06
2025-06-06,10,36135,4,2025-06
2025-06-06,11,41757,4,2025-06
2025-06-06,12,50412,4,2025-06
2025-06-06,13,49862,4,2025-06
2025-06-06,14,45934,4,2025-06
2025-06-06,15,53059,4,2025-06
2025-06-06,16,53802,4,2025-06
2025-06-06,17,57573,4,2025-06
2025-06-06,18,53557,4,2025-06
2025-06-06,19,46186,4,2025-06
2025-06-06,20,38622,4,2025-06
2025-06-06,21,23989,4,2025-06
2025-06-07,21,27343,5,2025-06
2025-06-07,22,26862,5,2025-06
2025-06-07,23,21141,5,2025-06
2025-06-08,0,9920,6,2025-06
2025-06-08,1,5600,6,2025-06
2025-06-08,2,3762,6,2025-06
2025-06-08,3,2625,6,2025-06
2025-06-08,4,1698,6,2025-06
2025-06-08,5,1120,6,2025-06
2025-06-08,6,1916,6,2025-06
2025-06-08,7,4060,6,2025-06
2025-06-08,8,9863,6,2025-06
2025-06-08,9,19949,6,2025-06
2025-06-08,10,27771,6,2025-06
2025-06-08,11,34764,6,2025-06
2025-06-08,12,54578,6,2025-06
2025-06-08,13,67114,6,2025-06
2025-06-08,14,66387,6,2025-06
2025-06-08,15,67627,6,2025-06
2025-06-08,16,54189,6,2025-06
2025-06-08,17,54072,6,2025-06
2025-06-08,18,46444,6,2025-06
2025-06-08,19,37005,6,2025-06
2025-06-08,20,31361,6,2025-06
2025-06-08,21,28098,6,2025-06
2025-06-08,22,31284,6,2025-06
2025-06-08,23,13268,6,2025-06
2025-06-09,0,6486,0,2025-06
2025-06-09,1,3763,0,2025-06
2025-06-09,2,2552,0,2025-06
2025-06-09,3,2176,0,2025-06
2025-06-09,4,1492,0,2025-06
2025-06-09,5,1164,0,2025-06
2025-06-09,6,2140,0,2025-06
2025-06-09,7,3728,0,2025-06
2025-06-09,8,8423,0,2025-06
2025-06-09,9,14427,0,2025-06
2025-06-09,10,21916,0,2025-06
2025-06-09,11,28819,0,2025-06
2025-06-09,12,51316,0,2025-06
2025-06-09,13,60813,0,2025-06
2025-06-09,14,50429,0,2025-06
2025-06-09,15,48132,0,2025-06
2025-06-09,16,39508,0,2025-06
2025-06-09,17,37405,0,2025-06
2025-06-09,18,41904,0,2025-06
2025-06-09,19,28422,0,2025-06
2025-06-09,20,21563,0,2025-06
2025-06-09,21,16463,0,2025-06
2025-06-09,22,10054,0,2025-06
2025-06-09,23,5311,0,2025-06
2025-06-10,0,2772,1,2025-06
2025-06-10,1,1338,1,2025-06
2025-06-10,2,807,1,2025-06
2025-06-10,3,769,1,2025-06
2025-06-10,4,898,1,2025-06
2025-06-10,5,2243,1,2025-06
2025-06-10,6,6400,1,2025-06
2025-06-10,7,22036,1,2025-06
2025-06-10,8,48712,1,2025-06
2025-06-10,9,36503,1,2025-06
2025-06-10,10,30298,1,2025-06
2025-06-10,11,37585,1,2025-06
2025-06-10,12,60058,1,2025-06
2025-06-10,13,52388,1,2025-06
2025-06-10,14,45680,1,2025-06
2025-06-10,15,47016,1,2025-06
2025-06-10,16,56078,1,2025-06
2025-06-10,17,65994,1,2025-06
2025-06-10,18,44227,1,2025-06
2025-06-10,19,28421,1,2025-06
2025-06-10,20,22352,1,2025-06
2025-06-10,21,17673,1,2025-06
2025-06-10,22,12605,1,2025-06
2025-06-10,23,6075,1,2025-06
2025-06-11,0,2858,2,2025-06
2025-06-11,1,1394,2,2025-06
2025-06-11,2,1012,2,2025-06
2025-06-11,3,829,2,2025-06
2025-06-11,4,956,2,2025-06
2025-06-11,5,2415,2,2025-06
2025-06-11,6,8454,2,2025-06
2025-06-11,7,21678,2,2025-06
2025-06-11,8,48689,2,2025-06
2025-06-11,9,39804,2,2025-06
2025-06-11,10,32308,2,2025-06
2025-06-11,11,43174,2,2025-06
2025-06-11,12,61014,2,2025-06
2025-06-11,13,58855,2,2025-06
2025-06-11,14,44888,2,2025-06
2025-06-11,15,53423,2,2025-06
2025-06-11,16,58767,2,2025-06
2025-06-11,17,72152,2,2025-06
2025-06-11,18,47101,2,2025-06
2025-06-11,19,33260,2,2025-06
2025-06-11,20,27860,2,2025-06
2025-06-11,21,22515,2,2025-06
2025-06-11,22,13355,2,2025-06
2025-06-11,23,6560,2,2025-06
2025-06-12,0,2632,3,2025-06
2025-06-12,1,1451,3,2025-06
2025-06-12,2,866,3,2025-06
2025-06-12,3,789,3,2025-06
2025-06-12,4,872,3,2025-06
2025-06-12,5,2286,3,2025-06
2025-06-12,6,7561,3,2025-06
2025-06-12,7,21543,3,2025-06
2025-06-12,8,52858,3,2025-06
2025-06-12,9,40387,3,2025-06
2025-06-12,10,32010,3,2025-06
2025-06-12,11,41767,3,2025-06
2025-06-12,12,63630,3,2025-06
2025-06-12,13,60285,3,2025-06
2025-06-12,14,51008,3,2025-06
2025-06-12,15,57039,3,2025-06
2025-06-12,16,62725,3,2025-06
2025-06-12,17,71015,3,2025-06
2025-06-12,18,48781,3,2025-06
2025-06-12,19,34558,3,2025-06
2025-06-12,20,30622,3,2025-06
2025-06-12,21,28500,3,2025-06
2025-06-12,22,20166,3,2025-06
2025-06-12,23,11293,3,2025-06
2025-06-13,0,4037,4,2025-06
2025-06-13,1,2339,4,2025-06
2025-06-13,2,1450,4,2025-06
2025-06-13,3,1013,4,2025-06
2025-06-13,4,1047,4,2025-06
2025-06-13,5,2244,4,2025-06
2025-06-13,6,7492,4,2025-06
2025-06-13,7,17383,4,2025-06
2025-06-13,8,37416,4,2025-06
2025-06-13,9,33355,4,2025-06
2025-06-13,10,34805,4,2025-06
2025-06-13,11,41100,4,2025-06
2025-06-13,12,59117,4,2025-06
2025-06-13,13,64064,4,2025-06
2025-06-13,14,54377,4,2025-06
2025-06-13,15,53709,4,2025-06
2025-06-13,16,57452,4,2025-06
2025-06-13,17,59370,4,2025-06
2025-06-13,18,52151,4,2025-06
2025-06-13,19,48624,4,2025-06
2025-06-13,20,40688,4,2025-06
2025-06-13,21,33872,4,2025-06
2025-06-13,22,28019,4,2025-06
2025-06-13,23,20074,4,2025-06
2025-06-14,0,9320,5,2025-06
2025-06-14,1,5230,5,2025-06
2025-06-14,2,3711,5,2025-06
2025-06-14,3,2756,5,2025-06
2025-06-14,4,1725,5,2025-06
2025-06-14,5,1673,5,2025-06
2025-06-14,6,2945,5,2025-06
2025-06-14,7,6087,5,2025-06
2025-06-14,8,13961,5,2025-06
2025-06-14,9,22967,5,2025-06
2025-06-14,10,35714,5,2025-06
2025-06-14,11,49168,5,2025-06
2025-06-14,12,52900,5,2025-06
2025-06-14,13,59656,5,2025-06
2025-06-14,14,57858,5,2025-06
2025-06-14,15,71775,5,2025-06
2025-06-14,16,60368,5,2025-06
2025-06-14,17,54943,5,2025-06
2025-06-14,18,52039,5,2025-06
2025-06-14,19,56622,5,2025-06
2025-06-14,20,39125,5,2025-06
2025-06-14,21,30375,5,2025-06
2025-06-15,21,18605,6,2025-06
2025-06-15,22,11804,6,2025-06
2025-06-15,23,5941,6,2025-06
2025-06-16,0,2752,0,2025-06
2025-06-16,1,1668,0,2025-06
2025-06-16,2,1000,0,2025-06
2025-06-16,3,892,0,2025-06
2025-06-16,4,968,0,2025-06
2025-06-16,5,2471,0,2025-06
2025-06-16,6,7429,0,2025-06
2025-06-16,7,18921,0,2025-06
2025-06-16,8,44223,0,2025-06
2025-06-16,9,33418,0,2025-06
2025-06-16,10,27880,0,2025-06
2025-06-16,11,35691,0,2025-06
2025-06-16,12,56352,0,2025-06
2025-06-16,13,54711,0,2025-06
2025-06-16,14,44100,0,2025-06
2025-06-16,15,48748,0,2025-06
2025-06-16,16,49264,0,2025-06
2025-06-16,17,55284,0,2025-06
2025-06-16,18,35759,0,2025-06
2025-06-16,19,19120,0,2025-06
2025-06-16,20,15336,0,2025-06
2025-06-16,21,12979,0,2025-06
2025-06-16,22,10170,0,2025-06
2025-06-16,23,4760,0,2025-06
2025-06-17,0,2386,1,2025-06
2025-06-17,1,1503,1,2025-06
2025-06-17,2,929,1,2025-06
2025-06-17,3,672,1,2025-06
2025-06-17,4,831,1,2025-06
2025-06-17,5,2143,1,2025-06
2025-06-17,6,8342,1,2025-06
2025-06-17,7,20088,1,2025-06
2025-06-17,8,44286,1,2025-06
2025-06-17,9,34572,1,2025-06
2025-06-17,10,28975,1,2025-06
2025-06-17,11,35659,1,2025-06
2025-06-17,12,55344,1,2025-06
2025-06-17,13,54843,1,2025-06
2025-06-17,14,50429,1,2025-06
2025-06-17,15,51840,1,2025-06
2025-06-17,16,60527,1,2025-06
2025-06-17,17,68395,1,2025-06
2025-06-17,18,43005,1,2025-06
2025-06-17,19,29455,1,2025-06
2025-06-17,20,22668,1,2025-06
2025-06-17,21,19048,1,2025-06
2025-06-17,22,12105,1,2025-06
2025-06-17,23,5717,1,2025-06
2025-06-18,0,2729,2,2025-06
2025-06-18,1,1227,2,2025-06
2025-06-18,2,785,2,2025-06
2025-06-18,3,709,2,2025-06
2025-06-18,4,961,2,2025-06
2025-06-18,5,2403,2,2025-06
2025-06-18,6,8387,2,2025-06
2025-06-18,7,22311,2,2025-06
2025-06-18,8,50992,2,2025-06
2025-06-18,9,36951,2,2025-06
2025-06-18,10,34455,2,2025-06
2025-06-18,11,44774,2,2025-06
2025-06-18,12,64287,2,2025-06
2025-06-18,13,61394,2,2025-06
2025-06-18,14,47414,2,2025-06
2025-06-18,15,50172,2,2025-06
2025-06-18,16,57049,2,2025-06
2025-06-18,17,71529,2,2025-06
2025-06-18,18,47818,2,2025-06
2025-06-18,19,35847,2,2025-06
2025-06-18,20,28243,2,2025-06
2025-06-18,21,25186,2,2025-06
2025-06-18,22,15596,2,2025-06
2025-06-18,23,7041,2,2025-06
2025-06-19,0,2949,3,2025-06
2025-06-19,1,1680,3,2025-06
2025-06-19,2,1068,3,2025-06
2025-06-19,3,790,3,2025-06
2025-06-19,4,912,3,2025-06
2025-06-19,5,2641,3,2025-06
2025-06-19,6,8197,3,2025-06
2025-06-19,7,20898,3,2025-06
2025-06-19,8,49987,3,2025-06
2025-06-19,9,39125,3,2025-06
2025-06-19,10,34326,3,2025-06
2025-06-19,11,42875,3,2025-06
2025-06-19,12,60313,3,2025-06
2025-06-19,13,62593,3,2025-06
2025-06-19,14,49236,3,2025-06
2025-06-19,15,50711,3,2025-06
2025-06-19,16,61238,3,2025-06
2025-06-19,17,78683,3,2025-06
2025-06-19,18,47898,3,2025-06
2025-06-19,19,34611,3,2025-06
2025-06-19,20,30031,3,2025-06
2025-06-19,21,21466,3,2025-06
2025-06-20,21,36631,4,2025-06
2025-06-20,22,30358,4,2025-06
2025-06-20,23,18360,4,2025-06
2025-06-21,0,10134,5,2025-06
2025-06-21,1,5996,5,2025-06
2025-06-21,2,3952,5,2025-06
2025-06-21,3,2537,5,2025-06
2025-06-21,4,1673,5,2025-06
2025-06-21,5,1714,5,2025-06
2025-06-21,6,3069,5,2025-06
2025-06-21,7,6826,5,2025-06
2025-06-21,8,14462,5,2025-06
2025-06-21,9,24082,5,2025-06
2025-06-21,10,34414,5,2025-06
2025-06-21,11,49686,5,2025-06
2025-06-21,12,64334,5,2025-06
2025-06-21,13,59155,5,2025-06
2025-06-21,14,63709,5,2025-06
2025-06-21,15,64682,5,2025-06
2025-06-21,16,78612,5,2025-06
2025-06-21,17,57307,5,2025-06
2025-06-21,18,52237,5,2025-06
2025-06-21,19,43369,5,2025-06
2025-06-21,20,36160,5,2025-06
2025-06-21,21,29502,5,2025-06
2025-06-21,22,35160,5,2025-06
2025-06-21,23,19998,5,2025-06
2025-06-22,0,10839,6,2025-06
2025-06-22,1,7928,6,2025-06
2025-06-22,2,5648,6,2025-06
2025-06-22,3,3342,6,2025-06
2025-06-22,4,2658,6,2025-06
2025-06-22,5,2230,6,2025-06
2025-06-22,6,2643,6,2025-06
2025-06-22,7,5585,6,2025-06
2025-06-22,8,10862,6,2025-06
2025-06-22,9,21239,6,2025-06
2025-06-22,10,32977,6,2025-06
2025-06-22,11,42817,6,2025-06
2025-06-22,12,56705,6,2025-06
2025-06-22,13,67768,6,2025-06
2025-06-22,14,66804,6,2025-06
2025-06-22,15,58094,6,2025-06
2025-06-22,16,50178,6,2025-06
2025-06-22,17,37989,6,2025-06
2025-06-22,18,41593,6,2025-06
2025-06-22,19,27972,6,2025-06
2025-06-22,20,23001,6,2025-06
2025-06-22,21,17927,6,2025-06
2025-06-22,22,12289,6,2025-06
2025-06-22,23,6226,6,2025-06
2025-06-23,0,3001,0,2025-06
2025-06-23,1,1387,0,2025-06
2025-06-23,2,1109,0,2025-06
2025-06-23,3,735,0,2025-06
2025-06-23,4,1205,0,2025-06
2025-06-23,5,2132,0,2025-06
2025-06-23,6,6432,0,2025-06
2025-06-23,7,19395,0,2025-06
2025-06-23,8,40828,0,2025-06
2025-06-23,9,31262,0,2025-06
2025-06-23,10,28645,0,2025-06
2025-06-23,11,36913,0,2025-06
2025-06-23,12,54547,0,2025-06
2025-06-23,13,56981,0,2025-06
2025-06-23,14,46066,0,2025-06
2025-06-23,15,48097,0,2025-06
2025-06-23,16,50689,0,2025-06
2025-06-23,17,62720,0,2025-06
2025-06-23,18,42739,0,2025-06
2025-06-23,19,24526,0,2025-06
2025-06-23,20,14031,0,2025-06
2025-06-23,21,15161,0,2025-06
2025-06-23,22,10374,0,2025-06
2025-06-23,23,4724,0,2025-06
2025-06-24,0,2099,1,2025-06
2025-06-24,1,1369,1,2025-06
2025-06-24,2,939,1,2025-06
2025-06-24,3,701,1,2025-06
2025-06-24,4,939,1,2025-06
2025-06-24,5,2500,1,2025-06
2025-06-24,6,8695,1,2025-06
2025-06-24,7,21712,1,2025-06
2025-06-24,8,52169,1,2025-06
2025-06-24,9,37755,1,2025-06
2025-06-24,10,33278,1,2025-06
2025-06-24,11,38442,1,2025-06
2025-06-24,12,56316,1,2025-06
2025-06-24,13,56037,1,2025-06
2025-06-24,14,45102,1,2025-06
2025-06-24,15,47722,1,2025-06
2025-06-24,16,54903,1,2025-06
2025-06-24,17,60877,1,2025-06
2025-06-24,18,38612,1,2025-06
2025-06-24,19,25087,1,2025-06
2025-06-24,20,24032,1,2025-06
2025-06-24,21,18181,1,2025-06
2025-06-24,22,9188,1,2025-06
2025-06-24,23,5128,1,2025-06
2025-06-25,0,2429,2,2025-06
2025-06-25,1,1693,2,2025-06
2025-06-25,2,1067,2,2025-06
2025-06-25,3,840,2,2025-06
2025-06-25,4,949,2,2025-06
2025-06-25,5,2435,2,2025-06
2025-06-25,6,6022,2,2025-06
2025-06-25,7,17075,2,2025-06
2025-06-25,8,46612,2,2025-06
2025-06-25,9,35950,2,2025-06
2025-06-25,10,27385,2,2025-06
2025-06-25,11,34189,2,2025-06
2025-06-25,12,45630,2,2025-06
2025-06-25,13,44326,2,2025-06
2025-06-25,14,34750,2,2025-06
2025-06-25,15,43632,2,2025-06
2025-06-25,16,50313,2,2025-06
2025-06-25,17,52051,2,2025-06
2025-06-25,18,34282,2,2025-06
2025-06-25,19,22173,2,2025-06
2025-06-25,20,19690,2,2025-06
2025-06-25,21,19404,2,2025-06
2025-06-25,22,11493,2,2025-06
2025-06-25,23,7924,2,2025-06
2025-06-26,0,2627,3,2025-06
2025-06-26,1,1397,3,2025-06
2025-06-26,2,896,3,2025-06
2025-06-26,3,592,3,2025-06
2025-06-26,4,947,3,2025-06
2025-06-26,5,2216,3,2025-06
2025-06-26,6,7220,3,2025-06
2025-06-26,7,19530,3,2025-06
2025-06-26,8,53258,3,2025-06
2025-06-26,9,40461,3,2025-06
2025-06-26,10,33815,3,2025-06
2025-06-26,11,41703,3,2025-06
2025-06-26,12,61445,3,2025-06
2025-06-26,13,65286,3,2025-06
2025-06-26,14,47492,3,2025-06
2025-06-26,15,57677,3,2025-06
2025-06-26,16,68039,3,2025-06
2025-06-26,17,70787,3,2025-06
2025-06-26,18,48211,3,2025-06
2025-06-26,19,37977,3,2025-06
2025-06-26,20,30803,3,2025-06
2025-06-26,21,28675,3,2025-06
2025-06-26,22,17813,3,2025-06
2025-06-26,23,8634,3,2025-06
2025-06-27,0,4499,4,2025-06
2025-06-27,1,2970,4,2025-06
2025-06-27,2,1828,4,2025-06
2025-06-27,3,1349,4,2025-06
2025-06-27,4,1265,4,2025-06
2025-06-27,5,2768,4,2025-06
2025-06-27,6,7386,4,2025-06
2025-06-27,7,16789,4,2025-06
2025-06-27,8,36971,4,2025-06
2025-06-27,9,33339,4,2025-06
2025-06-27,10,34430,4,2025-06
2025-06-27,11,42063,4,2025-06
2025-06-27,12,64384,4,2025-06
2025-06-27,13,60039,4,2025-06
2025-06-27,14,52239,4,2025-06
2025-06-27,15,54743,4,2025-06
2025-06-27,16,56928,4,2025-06
2025-06-27,17,60804,4,2025-06
2025-06-27,18,55733,4,2025-06
2025-06-27,19,47676,4,2025-06
2025-06-27,20,38210,4,2025-06
2025-06-27,21,36195,4,2025-06
2025-06-27,22,26046,4,2025-06
2025-06-27,23,18852,4,2025-06
2025-06-28,0,9643,5,2025-06
2025-06-28,1,6764,5,2025-06
2025-06-28,2,4548,5,2025-06
2025-06-28,3,3907,5,2025-06
2025-06-28,4,1923,5,2025-06
2025-06-28,5,2079,5,2025-06
2025-06-28,6,3146,5,2025-06
2025-06-28,7,6023,5,2025-06
2025-06-28,8,13045,5,2025-06
2025-06-28,9,22244,5,2025-06
2025-06-28,10,38037,5,2025-06
2025-06-28,11,48011,5,2025-06
2025-06-28,12,52991,5,2025-06
2025-06-28,13,61433,5,2025-06
2025-06-28,14,62992,5,2025-06
2025-06-28,15,67774,5,2025-06
2025-06-28,16,67198,5,2025-06
2025-06-28,17,70133,5,2025-06
2025-06-28,18,59475,5,2025-06
2025-06-28,19,50857,5,2025-06
2025-06-28,20,37133,5,2025-06
2025-06-28,21,33444,5,2025-06
2025-06-28,22,39759,5,2025-06
2025-06-28,23,22371,5,2025-06
2025-06-29,0,12782,6,2025-06
2025-06-29,1,8254,6,2025-06
2025-06-29,2,5769,6,2025-06
2025-06-29,3,4536,6,2025-06
2025-06-29,4,2948,6,2025-06
2025-06-29,5,2225,6,2025-06
2025-06-29,6,2893,6,2025-06
2025-06-29,7,5597,6,2025-06
2025-06-29,8,10634,6,2025-06
2025-06-29,9,17709,6,2025-06
2025-06-29,10,29112,6,2025-06
2025-06-29,11,41329,6,2025-06
2025-06-29,12,56503,6,2025-06
2025-06-29,13,59843,6,2025-06
2025-06-29,14,56263,6,2025-06
2025-06-29,15,54130,6,2025-06
2025-06-29,16,54366,6,2025-06
2025-06-29,17,45518,6,2025-06
2025-06-29,18,36547,6,2025-06
2025-06-29,19,26189,6,2025-06
2025-06-29,20,19069,6,2025-06
2025-06-29,21,12223,6,2025-06
2025-06-30,21,15488,0,2025-06
2025-06-30,22,10996,0,2025-06
2025-06-30,23,5213,0,2025-06
2025-07-01,0,2357,1,2025-07
2025-07-01,1,1454,1,2025-07
2025-07-01,2,859,1,2025-07
2025-07-01,3,660,1,2025-07
2025-07-01,4,808,1,2025-07
2025-07-01,5,2115,1,2025-07
2025-07-01,6,6991,1,2025-07
2025-07-01,7,18820,1,2025-07
2025-07-01,8,47001,1,2025-07
2025-07-01,9,34516,1,2025-07
2025-07-01,10,29311,1,2025-07
2025-07-01,11,36185,1,2025-07
2025-07-01,12,60094,1,2025-07
2025-07-01,13,56401,1,2025-07
2025-07-01,14,47696,1,2025-07
2025-07-01,15,47119,1,2025-07
2025-07-01,16,56488,1,2025-07
2025-07-01,17,65760,1,2025-07
2025-07-01,18,44113,1,2025-07
2025-07-01,19,30236,1,2025-07
2025-07-01,20,24520,1,2025-07
2025-07-01,21,18845,1,2025-07
2025-07-01,22,12489,1,2025-07
2025-07-01,23,5655,1,2025-07
2025-07-02,0,2888,2,2025-07
2025-07-02,1,1562,2,2025-07
2025-07-02,2,838,2,2025-07
2025-07-02,3,827,2,2025-07
2025-07-02,4,788,2,2025-07
2025-07-02,5,2150,2,2025-07
2025-07-02,6,8098,2,2025-07
2025-07-02,7,19339,2,2025-07
2025-07-02,8,43433,2,2025-07
2025-07-02,9,35868,2,2025-07
2025-07-02,10,20961,2,2025-07
2025-07-02,11,22662,2,2025-07
2025-07-02,12,23580,2,2025-07
2025-07-02,13,23574,2,2025-07
2025-07-02,14,24827,2,2025-07
2025-07-02,15,33349,2,2025-07
2025-07-02,16,38417,2,2025-07
2025-07-02,17,49064,2,2025-07
2025-07-02,18,33159,2,2025-07
2025-07-02,19,22506,2,2025-07
2025-07-02,20,22698,2,2025-07
2025-07-02,21,17889,2,2025-07
2025-07-03,21,25720,3,2025-07
2025-07-03,22,22359,3,2025-07
2025-07-03,23,9395,3,2025-07
2025-07-04,0,3798,4,2025-07
2025-07-04,1,2400,4,2025-07
2025-07-04,2,1619,4,2025-07
2025-07-04,3,1136,4,2025-07
2025-07-04,4,1107,4,2025-07
2025-07-04,5,2252,4,2025-07
2025-07-04,6,7058,4,2025-07
2025-07-04,7,15792,4,2025-07
2025-07-04,8,34577,4,2025-07
2025-07-04,9,33502,4,2025-07
2025-07-04,10,36647,4,2025-07
2025-07-04,11,41580,4,2025-07
2025-07-04,12,58445,4,2025-07
2025-07-04,13,68557,4,2025-07
2025-07-04,14,59482,4,2025-07
2025-07-04,15,58249,4,2025-07
2025-07-04,16,61168,4,2025-07
2025-07-04,17,69478,4,2025-07
2025-07-04,18,65524,4,2025-07
2025-07-04,19,59736,4,2025-07
2025-07-04,20,49288,4,2025-07
2025-07-04,21,45530,4,2025-07
2025-07-04,22,41893,4,2025-07
2025-07-04,23,19201,4,2025-07
2025-07-05,0,9492,5,2025-07
2025-07-05,1,6655,5,2025-07
2025-07-05,2,4300,5,2025-07
2025-07-05,3,3364,5,2025-07
2025-07-05,4,2093,5,2025-07
2025-07-05,5,2021,5,2025-07
2025-07-05,6,3322,5,2025-07
2025-07-05,7,6488,5,2025-07
2025-07-05,8,13686,5,2025-07
2025-07-05,9,25557,5,2025-07
2025-07-05,10,38672,5,2025-07
2025-07-05,11,50855,5,2025-07
2025-07-05,12,62513,5,2025-07
2025-07-05,13,65972,5,2025-07
2025-07-05,14,66565,5,2025-07
2025-07-05,15,79094,5,2025-07
2025-07-05,16,72564,5,2025-07
2025-07-05,17,73907,5,2025-07
2025-07-05,18,76469,5,2025-07
2025-07-05,19,70895,5,2025-07
2025-07-05,20,58097,5,2025-07
2025-07-05,21,50107,5,2025-07
2025-07-05,22,47014,5,2025-07
2025-07-05,23,23519,5,2025-07
2025-07-06,0,14692,6,2025-07
2025-07-06,1,8645,6,2025-07
2025-07-06,2,4804,6,2025-07
2025-07-06,3,4294,6,2025-07
2025-07-06,4,2688,6,2025-07
2025-07-06,5,2463,6,2025-07
2025-07-06,6,2986,6,2025-07
2025-07-06,7,5302,6,2025-07
2025-07-06,8,11113,6,2025-07
2025-07-06,9,23322,6,2025-07
2025-07-06,10,36502,6,2025-07
2025-07-06,11,49156,6,2025-07
2025-07-06,12,64017,6,2025-07
2025-07-06,13,70562,6,2025-07
2025-07-06,14,66207,6,2025-07
2025-07-06,15,61433,6,2025-07
2025-07-06,16,60691,6,2025-07
2025-07-06,17,61759,6,2025-07
2025-07-06,18,54987,6,2025-07
2025-07-06,19,47303,6,2025-07
2025-07-06,20,40606,6,2025-07
2025-07-06,21,31447,6,2025-07
2025-07-06,22,22679,6,2025-07
2025-07-06,23,8875,6,2025-07
2025-07-07,0,4250,0,2025-07
2025-07-07,1,1841,0,2025-07
2025-07-07,2,1071,0,2025-07
2025-07-07,3,902,0,2025-07
2025-07-07,4,1048,0,2025-07
2025-07-07,5,2367,0,2025-07
2025-07-07,6,6648,0,2025-07
2025-07-07,7,18498,0,2025-07
2025-07-07,8,43890,0,2025-07
2025-07-07,9,36993,0,2025-07
2025-07-07,10,38674,0,2025-07
2025-07-07,11,47435,0,2025-07
2025-07-07,12,72605,0,2025-07
2025-07-07,13,71266,0,2025-07
2025-07-07,14,64781,0,2025-07
2025-07-07,15,62551,0,2025-07
2025-07-07,16,64489,0,2025-07
2025-07-07,17,70558,0,2025-07
2025-07-07,18,47358,0,2025-07
2025-07-07,19,32146,0,2025-07
2025-07-07,20,26769,0,2025-07
2025-07-07,21,20304,0,2025-07
2025-07-07,22,14947,0,2025-07
2025-07-07,23,6532,0,2025-07
2025-07-08,0,2956,1,2025-07
2025-07-08,1,1564,1,2025-07
2025-07-08,2,918,1,2025-07
2025-07-08,3,716,1,2025-07
2025-07-08,4,779,1,2025-07
2025-07-08,5,2357,1,2025-07
2025-07-08,6,7554,1,2025-07
2025-07-08,7,19697,1,2025-07
2025-07-08,8,46128,1,2025-07
2025-07-08,9,34820,1,2025-07
2025-07-08,10,32980,1,2025-07
2025-07-08,11,41422,1,2025-07
2025-07-08,12,63191,1,2025-07
2025-07-08,13,61301,1,2025-07
2025-07-08,14,56373,1,2025-07
2025-07-08,15,52249,1,2025-07
2025-07-08,16,63292,1,2025-07
2025-07-08,17,70544,1,2025-07
2025-07-08,18,46947,1,2025-07
2025-07-08,19,32373,1,2025-07
2025-07-08,20,27722,1,2025-07
2025-07-08,21,21718,1,2025-07
2025-07-08,22,13481,1,2025-07
2025-07-08,23,6404,1,2025-07
2025-07-09,0,3117,2,2025-07
2025-07-09,1,1681,2,2025-07
2025-07-09,2,1106,2,2025-07
2025-07-09,3,739,2,2025-07
2025-07-09,4,924,2,2025-07
2025-07-09,5,2513,2,2025-07
2025-07-09,6,8197,2,2025-07
2025-07-09,7,20792,2,2025-07
2025-07-09,8,45990,2,2025-07
2025-07-09,9,40671,2,2025-07
2025-07-09,10,38886,2,2025-07
2025-07-09,11,52355,2,2025-07
2025-07-09,12,73344,2,2025-07
2025-07-09,13,78486,2,2025-07
2025-07-09,14,63018,2,2025-07
2025-07-09,15,66575,2,2025-07
2025-07-09,16,73875,2,2025-07
2025-07-09,17,79962,2,2025-07
2025-07-09,18,58506,2,2025-07
2025-07-09,19,42546,2,2025-07
2025-07-09,20,35879,2,2025-07
2025-07-09,21,28106,2,2025-07
2025-07-09,22,17831,2,2025-07
2025-07-09,23,6732,2,2025-07
2025-07-10,0,2876,3,2025-07
2025-07-10,1,1519,3,2025-07
2025-07-10,2,1006,3,2025-07
2025-07-10,3,812,3,2025-07
2025-07-10,4,774,3,2025-07
2025-07-10,5,2405,3,2025-07
2025-07-10,6,6428,3,2025-07
2025-07-10,7,15106,3,2025-07
2025-07-10,8,44749,3,2025-07
2025-07-10,9,38490,3,2025-07
2025-07-10,10,40125,3,2025-07
2025-07-10,11,49756,3,2025-07
2025-07-10,12,73036,3,2025-07
2025-07-10,13,73626,3,2025-07
2025-07-10,14,63361,3,2025-07
2025-07-10,15,59904,3,2025-07
2025-07-10,16,65929,3,2025-07
2025-07-10,17,79374,3,2025-07
2025-07-10,18,58854,3,2025-07
2025-07-10,19,40873,3,2025-07
2025-07-10,20,34594,3,2025-07
2025-07-10,21,28695,3,2025-07
2025-07-10,22,23810,3,2025-07
2025-07-10,23,8834,3,2025-07
2025-07-11,0,3932,4,2025-07
2025-07-11,1,2602,4,2025-07
2025-07-11,2,1641,4,2025-07
2025-07-11,3,1086,4,2025-07
2025-07-11,4,1342,4,2025-07
2025-07-11,5,2670,4,2025-07
2025-07-11,6,6733,4,2025-07
2025-07-11,7,15283,4,2025-07
2025-07-11,8,35217,4,2025-07
2025-07-11,9,37275,4,2025-07
2025-07-11,10,41773,4,2025-07
2025-07-11,11,52580,4,2025-07
2025-07-11,12,71470,4,2025-07
2025-07-11,13,75064,4,2025-07
2025-07-11,14,72043,4,2025-07
2025-07-11,15,63715,4,2025-07
2025-07-11,16,71907,4,2025-07
2025-07-11,17,70872,4,2025-07
2025-07-11,18,62444,4,2025-07
2025-07-11,19,52189,4,2025-07
2025-07-11,20,45647,4,2025-07
2025-07-11,21,48587,4,2025-07
2025-07-11,22,29881,4,2025-07
2025-07-11,23,17769,4,2025-07
2025-07-12,0,9649,5,2025-07
2025-07-12,1,5857,5,2025-07
2025-07-12,2,4184,5,2025-07
2025-07-12,3,3013,5,2025-07
2025-07-12,4,1914,5,2025-07
2025-07-12,5,1882,5,2025-07
2025-07-12,6,3288,5,2025-07
2025-07-12,7,6812,5,2025-07
2025-07-12,8,15998,5,2025-07
2025-07-12,9,30963,5,2025-07
2025-07-12,10,44986,5,2025-07
2025-07-12,11,64304,5,2025-07
2025-07-12,12,80888,5,2025-07
2025-07-12,13,77838,5,2025-07
2025-07-12,14,81425,5,2025-07
2025-07-12,15,84837,5,2025-07
2025-07-12,16,93008,5,2025-07
2025-07-12,17,78139,5,2025-07
2025-07-12,18,65942,5,2025-07
2025-07-12,19,49574,5,2025-07
2025-07-12,20,47574,5,2025-07
2025-07-12,21,38089,5,2025-07
2025-07-12,22,40647,5,2025-07
2025-07-12,23,21912,5,2025-07
2025-07-13,0,12005,6,2025-07
2025-07-13,1,8780,6,2025-07
2025-07-13,2,5349,6,2025-07
2025-07-13,3,4092,6,2025-07
2025-07-13,4,2879,6,2025-07
2025-07-13,5,3694,6,2025-07
2025-07-13,6,6307,6,2025-07
2025-07-13,7,63343,6,2025-07
2025-07-13,8,37377,6,2025-07
2025-07-13,9,36851,6,2025-07
2025-07-13,10,48755,6,2025-07
2025-07-13,11,56337,6,2025-07
2025-07-13,12,64532,6,2025-07
2025-07-13,13,72555,6,2025-07
2025-07-13,14,71044,6,2025-07
2025-07-13,15,62265,6,2025-07
2025-07-13,16,58623,6,2025-07
2025-07-13,17,42838,6,2025-07
2025-07-13,18,37371,6,2025-07
2025-07-13,19,25061,6,2025-07
2025-07-13,20,23730,6,2025-07
2025-07-13,21,18602,6,2025-07
2025-07-13,22,12422,6,2025-07
2025-07-13,23,5959,6,2025-07
2025-07-14,0,3064,0,2025-07
2025-07-14,1,1674,0,2025-07
2025-07-14,2,1127,0,2025-07
2025-07-14,3,961,0,2025-07
2025-07-14,4,1027,0,2025-07
2025-07-14,5,2470,0,2025-07
2025-07-14,6,7740,0,2025-07
2025-07-14,7,18354,0,2025-07
2025-07-14,8,41748,0,2025-07
2025-07-14,9,34736,0,2025-07
2025-07-14,10,38913,0,2025-07
2025-07-14,11,47819,0,2025-07
2025-07-14,12,69036,0,2025-07
2025-07-14,13,74264,0,2025-07
2025-07-14,14,62198,0,2025-07
2025-07-14,15,64091,0,2025-07
2025-07-14,16,59838,0,2025-07
2025-07-14,17,72965,0,2025-07
2025-07-14,18,48946,0,2025-07
2025-07-14,19,35862,0,2025-07
2025-07-14,20,26833,0,2025-07
2025-07-14,21,20887,0,2025-07
2025-07-14,22,11942,0,2025-07
2025-07-14,23,5514,0,2025-07
2025-07-15,0,2454,1,2025-07
2025-07-15,1,1343,1,2025-07
2025-07-15,2,759,1,2025-07
2025-07-15,3,711,1,2025-07
2025-07-15,4,811,1,2025-07
2025-07-15,5,2390,1,2025-07
2025-07-15,6,8495,1,2025-07
2025-07-15,7,20896,1,2025-07
2025-07-15,8,50363,1,2025-07
2025-07-15,9,40605,1,2025-07
2025-07-15,10,40587,1,2025-07
2025-07-15,11,49098,1,2025-07
2025-07-15,12,79880,1,2025-07
2025-07-15,13,75625,1,2025-07
2025-07-15,14,53005,1,2025-07
2025-07-15,15,60154,1,2025-07
2025-07-15,16,70603,1,2025-07
2025-07-15,17,91434,1,2025-07
2025-07-15,18,55907,1,2025-07
2025-07-15,19,38071,1,2025-07
2025-07-15,20,31646,1,2025-07
2025-07-15,21,25155,1,2025-07
2025-07-15,22,14214,1,2025-07
2025-07-15,23,6969,1,2025-07
2025-07-16,0,2822,2,2025-07
2025-07-16,1,1844,2,2025-07
2025-07-16,2,1142,2,2025-07
2025-07-16,3,911,2,2025-07
2025-07-16,4,954,2,2025-07
2025-07-16,5,2837,2,2025-07
2025-07-16,6,8196,2,2025-07
2025-07-16,7,20986,2,2025-07
2025-07-16,8,48816,2,2025-07
2025-07-16,9,41095,2,2025-07
2025-07-16,10,38850,2,2025-07
2025-07-16,11,50535,2,2025-07
2025-07-16,12,71481,2,2025-07
2025-07-16,13,77002,2,2025-07
2025-07-16,14,64834,2,2025-07
2025-07-16,15,62963,2,2025-07
2025-07-16,16,68455,2,2025-07
2025-07-16,17,81547,2,2025-07
2025-07-16,18,59586,2,2025-07
2025-07-16,19,45772,2,2025-07
2025-07-16,20,38846,2,2025-07
2025-07-16,21,30933,2,2025-07
2025-07-16,22,17384,2,2025-07
2025-07-16,23,7642,2,2025-07
2025-07-17,0,3016,3,2025-07
2025-07-17,1,1803,3,2025-07
2025-07-17,2,1049,3,2025-07
2025-07-17,3,809,3,2025-07
2025-07-17,4,961,3,2025-07
2025-07-17,5,2567,3,2025-07
2025-07-17,6,7653,3,2025-07
2025-07-17,7,20213,3,2025-07
2025-07-17,8,48713,3,2025-07
2025-07-17,9,40681,3,2025-07
2025-07-17,10,37811,3,2025-07
2025-07-17,11,45638,3,2025-07
2025-07-17,12,76979,3,2025-07
2025-07-17,13,79053,3,2025-07
2025-07-17,14,61102,3,2025-07
2025-07-17,15,59095,3,2025-07
2025-07-17,16,69304,3,2025-07
2025-07-17,17,73128,3,2025-07
2025-07-17,18,53322,3,2025-07
2025-07-17,19,44495,3,2025-07
2025-07-17,20,32452,3,2025-07
2025-07-17,21,28954,3,2025-07
2025-07-17,22,23185,3,2025-07
2025-07-17,23,8845,3,2025-07
2025-07-18,0,4126,4,2025-07
2025-07-18,1,2508,4,2025-07
2025-07-18,2,1441,4,2025-07
2025-07-18,3,1191,4,2025-07
2025-07-18,4,1035,4,2025-07
2025-07-18,5,2672,4,2025-07
2025-07-18,6,6881,4,2025-07
2025-07-18,7,16188,4,2025-07
2025-07-18,8,37605,4,2025-07
2025-07-18,9,35858,4,2025-07
2025-07-18,10,40975,4,2025-07
2025-07-18,11,52359,4,2025-07
2025-07-18,12,73769,4,2025-07
2025-07-18,13,77051,4,2025-07
2025-07-18,14,71739,4,2025-07
2025-07-18,15,71631,4,2025-07
2025-07-18,16,67816,4,2025-07
2025-07-18,17,77975,4,2025-07
2025-07-18,18,63984,4,2025-07
2025-07-18,19,54743,4,2025-07
2025-07-18,20,44539,4,2025-07
2025-07-18,21,37910,4,2025-07
2025-07-18,22,29297,4,2025-07
2025-07-18,23,19341,4,2025-07
2025-07-19,0,9997,5,2025-07
2025-07-19,1,6579,5,2025-07
2025-07-19,2,4136,5,2025-07
2025-07-19,3,1368,5,2025-07
2025-07-19,4,415,5,2025-07
2025-07-19,5,1111,5,2025-07
2025-07-19,6,2021,5,2025-07
2025-07-19,7,4376,5,2025-07
2025-07-19,8,8727,5,2025-07
2025-07-19,9,17979,5,2025-07
2025-07-19,10,29609,5,2025-07
2025-07-19,11,42793,5,2025-07
2025-07-19,12,47408,5,2025-07
2025-07-19,13,55161,5,2025-07
2025-07-19,14,64129,5,2025-07
2025-07-19,15,57663,5,2025-07
2025-07-19,16,59767,5,2025-07
2025-07-19,17,51978,5,2025-07
2025-07-19,18,46572,5,2025-07
2025-07-19,19,40275,5,2025-07
2025-07-19,20,35321,5,2025-07
2025-07-19,21,30593,5,2025-07
2025-07-19,22,32434,5,2025-07
2025-07-19,23,22907,5,2025-07
2025-07-20,0,12933,6,2025-07
2025-07-20,1,7931,6,2025-07
2025-07-20,2,5318,6,2025-07
2025-07-20,3,4546,6,2025-07
2025-07-20,4,2819,6,2025-07
2025-07-20,5,2428,6,2025-07
2025-07-20,6,2664,6,2025-07
2025-07-20,7,5516,6,2025-07
2025-07-20,8,11900,6,2025-07
2025-07-20,9,22724,6,2025-07
2025-07-20,10,36205,6,2025-07
2025-07-20,11,47023,6,2025-07
2025-07-20,12,63522,6,2025-07
2025-07-20,13,71180,6,2025-07
2025-07-20,14,78798,6,2025-07
2025-07-20,15,63468,6,2025-07
2025-07-20,16,63665,6,2025-07
2025-07-20,17,52980,6,2025-07
2025-07-20,18,45903,6,2025-07
2025-07-20,19,33040,6,2025-07
2025-07-20,20,25889,6,2025-07
2025-07-20,21,20054,6,2025-07
2025-07-20,22,14832,6,2025-07
2025-07-20,23,5753,6,2025-07
2025-07-21,0,2763,0,2025-07
2025-07-21,1,1522,0,2025-07
2025-07-21,2,983,0,2025-07
2025-07-21,3,717,0,2025-07
2025-07-21,4,879,0,2025-07
2025-07-21,5,2089,0,2025-07
2025-07-21,6,6434,0,2025-07
2025-07-21,7,19817,0,2025-07
2025-07-21,8,48101,0,2025-07
2025-07-21,9,37557,0,2025-07
2025-07-21,10,36014,0,2025-07
2025-07-21,11,42285,0,2025-07
2025-07-21,12,66381,0,2025-07
2025-07-21,13,66925,0,2025-07
2025-07-21,14,60522,0,2025-07
2025-07-21,15,55495,0,2025-07
2025-07-21,16,60484,0,2025-07
2025-07-21,17,71405,0,2025-07
2025-07-21,18,42145,0,2025-07
2025-07-21,19,30975,0,2025-07
2025-07-21,20,26723,0,2025-07
2025-07-21,21,18528,0,2025-07
2025-07-21,22,11442,0,2025-07
2025-07-21,23,6136,0,2025-07
2025-07-22,0,3055,1,2025-07
2025-07-22,1,1670,1,2025-07
2025-07-22,2,943,1,2025-07
2025-07-22,3,788,1,2025-07
2025-07-22,4,860,1,2025-07
2025-07-22,5,2677,1,2025-07
2025-07-22,6,8049,1,2025-07
2025-07-22,7,23597,1,2025-07
2025-07-22,8,56450,1,2025-07
2025-07-22,9,38071,1,2025-07
2025-07-22,10,29641,1,2025-07
2025-07-22,11,28987,1,2025-07
2025-07-22,12,39716,1,2025-07
2025-07-22,13,37204,1,2025-07
2025-07-22,14,44579,1,2025-07
2025-07-22,15,54723,1,2025-07
2025-07-22,16,67478,1,2025-07
2025-07-22,17,74973,1,2025-07
2025-07-22,18,47381,1,2025-07
2025-07-22,19,33783,1,2025-07
2025-07-22,20,25089,1,2025-07
2025-07-22,21,19000,1,2025-07
2025-07-22,22,18471,1,2025-07
2025-07-22,23,6695,1,2025-07
2025-07-23,0,3457,2,2025-07
2025-07-23,1,1925,2,2025-07
2025-07-23,2,1277,2,2025-07
2025-07-23,3,867,2,2025-07
2025-07-23,4,963,2,2025-07
2025-07-23,5,2386,2,2025-07
2025-07-23,6,8900,2,2025-07
2025-07-23,7,24241,2,2025-07
2025-07-23,8,54525,2,2025-07
2025-07-23,9,41269,2,2025-07
2025-07-23,10,40231,2,2025-07
2025-07-23,11,47076,2,2025-07
2025-07-23,12,68503,2,2025-07
2025-07-23,13,63949,2,2025-07
2025-07-23,14,56592,2,2025-07
2025-07-23,15,60536,2,2025-07
2025-07-23,16,65213,2,2025-07
2025-07-23,17,75948,2,2025-07
2025-07-23,18,53036,2,2025-07
2025-07-23,19,38935,2,2025-07
2025-07-23,20,31281,2,2025-07
2025-07-23,21,24680,2,2025-07
2025-07-23,22,14965,2,2025-07
2025-07-23,23,7181,2,2025-07
2025-07-24,0,3087,3,2025-07
2025-07-24,1,1823,3,2025-07
2025-07-24,2,1070,3,2025-07
2025-07-24,3,784,3,2025-07
2025-07-24,4,901,3,2025-07
2025-07-24,5,2686,3,2025-07
2025-07-24,6,7559,3,2025-07
2025-07-24,7,22848,3,2025-07
2025-07-24,8,56693,3,2025-07
2025-07-24,9,46917,3,2025-07
2025-07-24,10,44094,3,2025-07
2025-07-24,11,55851,3,2025-07
2025-07-24,12,82205,3,2025-07
2025-07-24,13,80261,3,2025-07
2025-07-24,14,71486,3,2025-07
2025-07-24,15,67205,3,2025-07
2025-07-24,16,81276,3,2025-07
2025-07-24,17,91555,3,2025-07
2025-07-24,18,59557,3,2025-07
2025-07-24,19,41361,3,2025-07
2025-07-24,20,34262,3,2025-07
2025-07-24,21,29373,3,2025-07
2025-07-24,22,25017,3,2025-07
2025-07-24,23,10976,3,2025-07
2025-07-25,0,4639,4,2025-07
2025-07-25,1,3253,4,2025-07
2025-07-25,2,1627,4,2025-07
2025-07-25,3,1110,4,2025-07
2025-07-25,4,1332,4,2025-07
2025-07-25,5,2249,4,2025-07
2025-07-25,6,7567,4,2025-07
2025-07-25,7,17535,4,2025-07
2025-07-25,8,41006,4,2025-07
2025-07-25,9,43220,4,2025-07
2025-07-25,10,46122,4,2025-07
2025-07-25,11,52784,4,2025-07
2025-07-25,12,75341,4,2025-07
2025-07-25,13,80457,4,2025-07
2025-07-25,14,66480,4,2025-07
2025-07-25,15,70690,4,2025-07
2025-07-25,16,68103,4,2025-07
2025-07-25,17,73632,4,2025-07
2025-07-25,18,57264,4,2025-07
2025-07-25,19,41019,4,2025-07
2025-07-25,20,36904,4,2025-07
2025-07-25,21,40482,4,2025-07
2025-07-25,22,37078,4,2025-07
2025-07-25,23,19208,4,2025-07
2025-07-26,0,11196,5,2025-07
2025-07-26,1,6864,5,2025-07
2025-07-26,2,4698,5,2025-07
2025-07-26,3,3221,5,2025-07
2025-07-26,4,2052,5,2025-07
2025-07-26,5,1983,5,2025-07
2025-07-26,6,3303,5,2025-07
2025-07-26,7,7089,5,2025-07
2025-07-26,8,15693,5,2025-07
2025-07-26,9,28762,5,2025-07
2025-07-26,10,41353,5,2025-07
2025-07-26,11,58822,5,2025-07
2025-07-26,12,73658,5,2025-07
2025-07-26,13,73593,5,2025-07
2025-07-26,14,59916,5,2025-07
2025-07-26,15,61144,5,2025-07
2025-07-26,16,67277,5,2025-07
2025-07-26,17,72392,5,2025-07
2025-07-26,18,61998,5,2025-07
2025-07-26,19,46558,5,2025-07
2025-07-26,20,33961,5,2025-07
2025-07-26,21,32538,5,2025-07
2025-07-26,22,52356,5,2025-07
2025-07-26,23,29533,5,2025-07
2025-07-27,0,16852,6,2025-07
2025-07-27,1,10500,6,2025-07
2025-07-27,2,7478,6,2025-07
2025-07-27,3,5853,6,2025-07
2025-07-27,4,3280,6,2025-07
2025-07-27,5,2183,6,2025-07
2025-07-27,6,3046,6,2025-07
2025-07-27,7,6014,6,2025-07
2025-07-27,8,11423,6,2025-07
2025-07-27,9,24172,6,2025-07
2025-07-27,10,35048,6,2025-07
2025-07-27,11,55230,6,2025-07
2025-07-27,12,68555,6,2025-07
2025-07-27,13,66154,6,2025-07
2025-07-27,14,70647,6,2025-07
2025-07-27,15,64183,6,2025-07
2025-07-27,16,54578,6,2025-07
2025-07-27,17,42303,6,2025-07
2025-07-27,18,32342,6,2025-07
2025-07-27,19,25188,6,2025-07
2025-07-27,20,17308,6,2025-07
2025-07-27,21,16223,6,2025-07
2025-07-27,22,11999,6,2025-07
2025-07-27,23,6116,6,2025-07
2025-07-28,0,2927,0,2025-07
2025-07-28,1,1781,0,2025-07
2025-07-28,2,1112,0,2025-07
2025-07-28,3,941,0,2025-07
2025-07-28,4,1091,0,2025-07
2025-07-28,5,2515,0,2025-07
2025-07-28,6,7461,0,2025-07
2025-07-28,7,20407,0,2025-07
2025-07-28,8,51082,0,2025-07
2025-07-28,9,40962,0,2025-07
2025-07-28,10,40315,0,2025-07
2025-07-28,11,46308,0,2025-07
2025-07-28,12,67375,0,2025-07
2025-07-28,13,62309,0,2025-07
2025-07-28,14,54750,0,2025-07
2025-07-28,15,48388,0,2025-07
2025-07-28,16,66810,0,2025-07
2025-07-28,17,63047,0,2025-07
2025-07-28,18,43423,0,2025-07
2025-07-28,19,27233,0,2025-07
2025-07-28,20,25401,0,2025-07
2025-07-28,21,21502,0,2025-07
2025-07-28,22,12826,0,2025-07
2025-07-28,23,6085,0,2025-07
2025-07-29,0,2842,1,2025-07
2025-07-29,1,1494,1,2025-07
2025-07-29,2,952,1,2025-07
2025-07-29,3,778,1,2025-07
2025-07-29,4,836,1,2025-07
2025-07-29,5,2430,1,2025-07
2025-07-29,6,8500,1,2025-07
2025-07-29,7,26384,1,2025-07
2025-07-29,8,59136,1,2025-07
2025-07-29,9,44497,1,2025-07
2025-07-29,10,38129,1,2025-07
2025-07-29,11,45047,1,2025-07
2025-07-29,12,73715,1,2025-07
2025-07-29,13,69693,1,2025-07
2025-07-29,14,63525,1,2025-07
2025-07-29,15,61442,1,2025-07
2025-07-29,16,67429,1,2025-07
2025-07-29,17,77654,1,2025-07
2025-07-29,18,47963,1,2025-07
2025-07-29,19,32797,1,2025-07
2025-07-29,20,29128,1,2025-07
2025-07-29,21,23582,1,2025-07
2025-07-29,22,13795,1,2025-07
2025-07-29,23,6615,1,2025-07
2025-07-30,0,2786,2,2025-07
2025-07-30,1,1852,2,2025-07
2025-07-30,2,1146,2,2025-07
2025-07-30,3,887,2,2025-07
2025-07-30,4,816,2,2025-07
2025-07-30,5,2288,2,2025-07
2025-07-30,6,8264,2,2025-07
2025-07-30,7,24036,2,2025-07
2025-07-30,8,58732,2,2025-07
2025-07-30,9,40507,2,2025-07
2025-07-30,10,40920,2,2025-07
2025-07-30,11,45137,2,2025-07
2025-07-30,12,72331,2,2025-07
2025-07-30,13,75411,2,2025-07
2025-07-30,14,62074,2,2025-07
2025-07-30,15,58204,2,2025-07
2025-07-30,16,73859,2,2025-07
2025-07-30,17,79404,2,2025-07
2025-07-30,18,56702,2,2025-07
2025-07-30,19,43491,2,2025-07
2025-07-30,20,34880,2,2025-07
2025-07-30,21,26579,2,2025-07
2025-07-30,22,15946,2,2025-07
2025-07-30,23,7546,2,2025-07
2025-07-31,0,2828,3,2025-07
2025-07-31,1,1747,3,2025-07
2025-07-31,2,1088,3,2025-07
2025-07-31,3,913,3,2025-07
2025-07-31,4,887,3,2025-07
2025-07-31,5,2590,3,2025-07
2025-07-31,6,8113,3,2025-07
2025-07-31,7,23647,3,2025-07
2025-07-31,8,58199,3,2025-07
2025-07-31,9,47421,3,2025-07
2025-07-31,10,41334,3,2025-07
2025-07-31,11,46768,3,2025-07
2025-07-31,12,72430,3,2025-07
2025-07-31,13,71268,3,2025-07
2025-07-31,14,61491,3,2025-07
2025-07-31,15,60116,3,2025-07
2025-07-31,16,71696,3,2025-07
2025-07-31,17,87672,3,2025-07
2025-07-31,18,56452,3,2025-07
2025-07-31,19,38212,3,2025-07
2025-07-31,20,35137,3,2025-07
2025-07-31,21,28171,3,2025-07
2025-07-31,22,21798,3,2025-07
2025-07-31,23,9187,3,2025-07
